,C1 Biovar 3 self,C1 Biovar 3 alt,C2 Biovar 3 self,C2 Biovar 3 alt,C1 Biovar 1 self,C1 Biovar 1 alt,C2 Biovar 1 self,C2 Biovar 1 alt,C1 Biovar 2 self,C1 Biovar 2 alt,C2 Biovar 2 self,C2 Biovar 2 alt,C1 Biovar 4 self,C1 Biovar 4 alt,C2 Biovar 4 self,C2 Biovar 4 alt
GCGCCAGTGCGCTGCATTGGCAGCCATCCAC,,,,,,,,,1234489,,,,,,,
CGCAATACGACGATAGCGTTTCAACTTGTTA,,,,,,,,,1287173,,,,,,,
TAAGGGAATAGGGGAATAAGGGAGTAGGGGA,376179.0,,344681.0,31141.0,,376179.0,,344681.0,1742456,,,,,376179.0,31141.0,344681.0
AGTCACCATAATGGCCGGGTGTTGGCTTTAT,,,,,,,,,1234786,,,,,,,
CCCGCGTAGGCGCTTCGCACTTTTGGCTCGA,,,246760.0,,,,,246760.0,1644564,,,,,,246760.0,246760.0
CACAAGGGCGTTTCGACACATTCAGAAGCAA,82726.0,,,,,82726.0,,,740265,,,,,82726.0,,
CATCAGCAATGACATGCCCCACACCCTTCAA,,,,,,,,,1234846,,,,,,,
GCGGTCAATGTTTTCTCGCATCGCAGCGCAA,,,,,,,,,1287199,,,,,,,
ACCAGATCATAGCGCATGCGAGATGGACGAA,,,,,,,,,1287240,,,,,,,
AGCATGCAGCTTGGTCGTCAATCCACCGCGC,,,,,,,,,1234725,,,,,,,
TCCTGTTCAGCAACAAAATACCCTCGCGCCA,3916.0,,,,,3916.0,,,740208,,,,,3916.0,,
GGTGTTGGCTTTATTCGCAGCGGTAGGCCGA,,,,,,,,,1234769,,,,,,,
ATCATAGCGCATGCGAGATGGACGAAGCCCA,,,,,,,,,1235084,,,,,,,
AGGATTCCCTTTTGTACGAAATTCTGATTCA,,,,74.0,,,,,1234171,,,,,,74.0,
CCGCAAGCTTCAAGCCTTCTATCCGGCTTGA,,,,,,,,,1234819,,,,,,,
GAAAACATTGACCGCATTCATGGGTTTCGTC,,,,,,,,,1287215,,,,,,,
ATGGCTGCCAATGCAGCGCACTGGCGCGATC,,,,,,,,,1234493,,,,,,,
GTCGATTGTTGGGACACTGGAACGTGTTGGA,,,,,,,,,1234950,,,,,,,
CGCATTCATGGGCTTCGTCCATCTCGCATGC,,,,,,,,,1235076,,,,,,,
AACGCTATCGTCGTATTGCGCTGCGATGCGA,,,,,,,,,1287184,,,,,,,
CAAGGCAACGGCTCAGATCAAGGTCAATCCA,,,,,,,,,1234923,,,,,,,
AAAAATCCACTAGATACATATACTTACTAGT,,,190280.0,,,,,190280.0,1588093,,,,,,190280.0,190280.0
GTGAAACGGTTTTGCGTTGGAAAATGCGACA,421424.0,,,73921.0,,421424.0,,,1189950,,,,,421424.0,73921.0,
AGCAGACGAAGCCTTACAGATGAGCAATGGA,,,,116785.0,,,,,1109606,,,,,,116785.0,
TACCGCTGCGAATAAAGCCAACACCCGGCCA,,,,,,,,,1234775,,,,,,,
ATTCAACGCAACCAGATCATAGCGCATGCGA,,,,,,,,,1287250,,,,,,,
AACCACCCCACCTTCGGTTTCGCTCCTAAAG,82627.0,,,,,82627.0,,,740364,,,,,82627.0,,
GCGAGATGGACGAAACCCATGAATGCGGTCA,,,,,,,,,1287223,,,,,,,
TCGTCAATCCACCGCGCGAGCGACCGATGCA,,,,,,,,,1234711,,,,,,,
ACGAAGCCTTACAGATGAGCAATGGAACCGG,,,,116790.0,,,,,1109611,,,,,,116790.0,
ACGCTATCGTCGTATTGCGCTGCGATGCGAG,,,,,,,,,1287185,,,,,,,
ACACCGCGTCCCTTCGGGATATGGCAAAAAA,401366.0,,,54585.0,,401366.0,,,406995,,,,,401366.0,54585.0,
CAGATGCGGCGGGCGCAAAAGGGGGGCTGAA,,,,,,,,,1234674,,,,,,,
GGCTGTTCTCCTTTAACAACCTTGAATCAGA,,,,52.0,,,,,1234193,,,,,,52.0,
GGAACCACCCCACCTTCGGTTTCGCTCCTAA,82629.0,,,,,82629.0,,,740362,,,,,82629.0,,
CGAGAAAACATTGACCGCATTCATGGGCTTC,,,,,,,,,1235061,,,,,,,
CGGTCGCTCGCGCGGTGGATTGACGACCAAG,,,,,,,,,1234716,,,,,,,
AAAAGTGTGAAACGCCTACGCGGGGAAATCA,417151.0,,484117.0,69648.0,,417151.0,,484117.0,1880838,,,,,417151.0,69648.0,484117.0
ATGGGTTTCGTCCATCTCGCATGCGCTATGA,,,,,,,,,1287234,,,,,,,
GAGCCAAAAGTGCGAAGCGCCTACGCGGGGA,,,246762.0,,,,,246762.0,1644566,,,,,,246762.0,246762.0
GGACTGATTTCCCCGCGTAGGCGTTTCACAC,417155.0,,484121.0,69652.0,,417155.0,,484121.0,1880842,,,,,417155.0,69652.0,484121.0
ATAATCGGTTATCGACGCCACTGCGGCCGGG,,,,,,,,,1234442,,,,,,,
CGAAGCCTTACAGATGAGCAATGGAACCGGA,,,,116791.0,,,,,1109612,,,,,,116791.0,
AGGGTATTTTGTTGCTGAACAGGAGAAACGA,3923.0,,,,,3923.0,,,740215,,,,,3923.0,,
AGGCTTTTCCATGCCCTGGCTGATACGCCGG,,,,,,,,,1234598,,,,,,,
CGCGCGAGCGACCGATGCAGGCAGCTTCAGC,,,,,,,,,1234699,,,,,,,
AGCAACAAAATACCCTCGCGCCAAACCATAA,82790.0,,,,,82790.0,,,88335,,,,,82790.0,,
AAAGGAGAACAGCCGTGAGCAGACGAAGCCT,,,,35.0,,,,,1234210,,,,,,35.0,
CCGAGGGATGCAAATGTTGGAATCAGACCAC,,,499659.0,,,,,499659.0,1896360,,,,,,499659.0,499659.0
ACCCCTCGATTTTTGGCAGCAGTCAAAAACG,237108.0,,,,,237108.0,,,1153083,,,,,237108.0,,
CATTGCTGATGCAGCCTATGATGCCGATCAC,,,,,,,,,1234866,,,,,,,
CCTTATTCCCCTATTCCCTTAACATACTGCC,400291.0,,344691.0,53494.0,,400291.0,,344691.0,1742466,,,,,400291.0,53494.0,344691.0
GCGTGGACTTTCGATATGGTGCTATCAATGA,,,,,,,,,1234644,,,,,,,
CCCTTACTCCCTTACTCCCTTACTCCCTTAC,,,,,,,,,1077657,,,,,,,
CATCGCAGCGCAATACGACGATAGCGTTTCA,,,,,,,,,1287181,,,,,,,
CCGAAGGTCGCAGGCAGATCGCGCCAGTGCG,,,,,,,,,1234509,,,,,,,
ACCGCATTCATGGGTTTCGTCCATCTCGCAT,,,,,,,,,1287225,,,,,,,
TATGGGAAAGGCTTTTCCATGCCCTGGCTGA,,,,,,,,,1234590,,,,,,,
TCAGATTGAATGCTTTTTTAACAAGTTGAAA,,,,,,,,,1287155,,,,,,,
GCGGTTTTGCGTCGGATAATGCGACAAAACA,259307.0,,237431.0,,,259307.0,,237431.0,1635236,,,,,259307.0,237431.0,237431.0
AAAGTGCGAAGCGGTTTTGCGTCGGATAATG,259317.0,,275237.0,,,259317.0,,275237.0,1672859,,,,,259317.0,275237.0,275237.0
CATATTCTTCACTGCCCTACTGCCCTACTGC,376242.0,,344619.0,31203.0,,376242.0,,344619.0,1742394,,,,,376242.0,31203.0,344619.0
TTGTACGAAATTCTGATTCAAGGTTGTTAAA,,,,63.0,,,,,1234182,,,,,,63.0,
ATAATGGCCGGGTGTTGGCTTTATTCGCAGC,,,,,,,,,1234779,,,,,,,
CGCAGCGGTAGGCCGATAGCATCGACAACAG,,,,,,,,,1234754,,,,,,,
GCGGTCGTTTCTCCTGTTCAGCAACAAAATA,3927.0,,,,,3927.0,,,740219,,,,,3927.0,,
ATTCCCCTATTCCCTTAACATACTGCCTTAC,,,344695.0,31127.0,,,,344695.0,1742470,,,,,,31127.0,344695.0
AGCATTTTCGAGCCAAAAGTGTGAAACGCCT,417137.0,,484103.0,69634.0,,417137.0,,484103.0,1880824,,,,,417137.0,69634.0,484103.0
AAACGGTTTTGCGTTGGAAAATGCGACAAAA,421421.0,,294966.0,73918.0,,421421.0,,294966.0,1692733,,,,,421421.0,73918.0,294966.0
ATTTTCGAGCCAAAAGTGCGAAGCGCCTACG,,,246756.0,,,,,246756.0,1644560,,,,,,246756.0,246756.0
AAGGCAACGGCTCAGATCAAGGTCAATCCAA,,,,,,,,,1234924,,,,,,,
CCCCGCGTAGGCGTTTCACACTTTTGGCTCG,417145.0,,484111.0,69642.0,,417145.0,,484111.0,1880832,,,,,417145.0,69642.0,484111.0
GCCCCGGAAGATATGCTTCGATCCGGTTCCA,,,,,,,,,1109633,,,,,,,
CGATGGTCGCACGCCGGTGTATGGGAAAGGC,,,,,,,,,1234571,,,,,,,
CCCGAAGGGACGCGGTGTATTTTGCTTCTGA,401379.0,,,54598.0,,401379.0,,,407008,,,,,401379.0,54598.0,
CGTATCGAAGCGGGATCAGAAATCAGTCCAG,417187.0,,,69684.0,,417187.0,,,1314024,,,,,417187.0,69684.0,
ACCATATTCTTCACTGCCCTACTGCCCTACT,376240.0,,344621.0,31201.0,,376240.0,,344621.0,1742396,,,,,376240.0,31201.0,344621.0
AAGTTGAAACGCTATCGTCGTATTGCGCTGC,,,,,,,,,1287177,,,,,,,
CACTGGAACGTGTTGGATTGACCTTGATCTG,,,,,,,,,1234936,,,,,,,
GTTGTCGATGCTATCGGCCTACCGCTGCGAA,,,,,,,,,1234756,,,,,,,
GCTTTTCCATGCCCTGGCTGATACGCCGGAC,,,,,,,,,1234600,,,,,,,
AATAAAGCCAACACCCGGCCATTATGGTGAC,,,,,,,,,1234785,,,,,,,
AGTGTGAAACGCCTACGCGGGGAAATCAGTC,417154.0,,484120.0,69651.0,,417154.0,,484120.0,1880841,,,,,417154.0,69651.0,484120.0
AGTGGACTGATTTCCCCGCGTAGGCGTTTCA,417158.0,,180647.0,69655.0,,417158.0,,180647.0,1578702,,,,,417158.0,69655.0,180647.0
CTGCATTGGCAGCCATCCACAAGATGGCGTC,,,,,,,,,1234478,,,,,,,
AAATAATCGGTTATCGACGCCACTGCGGCCG,,,,,,,,,1234444,,,,,,,
ATCATAGCGCATGCGAGATGGACGAAACCCA,,,,,,,,,1287235,,,,,,,
GTAGGGCAGTAGGGCAGTAGGGCAGTGAAGA,376247.0,,344614.0,31208.0,,376247.0,,344614.0,1742389,,,,,376247.0,31208.0,344614.0
GGACTTTGAATATGTCCTCATTGATAGCACC,,,,,,,,,1234627,,,,,,,
CCATACACCGGCGTGCGACCATCGCCGAAAG,,,,,,,,,1234564,,,,,,,
CGCGAGGGTATTTTGTTGCTGAACAGGAGAA,3919.0,,,,,3919.0,,,740211,,,,,3919.0,,
CCAACAATCGACTGGAGGCTGTACAAGGAAC,,,,,,,,,1234969,,,,,,,
ACGCCCGGCCGCAGTGGCGTCGATAACCGAT,,,,,,,,,1234439,,,,,,,
GGCGTTTCGACACATTCAGAAGCAAAATACA,82720.0,,,,,82720.0,,,740271,,,,,82720.0,,
CAGCTTCAGCCCCCCTTTTGCGCCCGCCGCA,,,,,,,,,1234678,,,,,,,
ATCTTCCGGGGCGAGTTGGTACGCCCGGCCG,,,,,,,,,1234419,,,,,,,
CATTATCCGACGCATCGAAGCGGGATCAGAA,,,429132.0,,,,,429132.0,1826007,,,,,,429132.0,429132.0
AATCCAACACGTTCCAGTGTCCCAACAATCG,,,,,,,,,1234948,,,,,,,
AAAGTGTGAAACGGTTTTGCGTTGGAAAATG,,,179442.0,,,,,179442.0,1577497,,,,,,179442.0,179442.0
TGCGAAGCGCCTACGCGGGGAAATCAGTCCA,276611.0,,246772.0,,,276611.0,,246772.0,1644576,,,,,276611.0,246772.0,246772.0
ATCATAGGCTGCATCAGCAATGACATGCCCC,,,,,,,,,1234857,,,,,,,
GCTTGGTCGTCAATCCACCGCGCGAGCGACC,,,,,,,,,1234717,,,,,,,
AGCGGTTCATGCCCGCTTTCGGCGATGGTCG,,,,,,,,,1234549,,,,,,,
AGCGACCATATTCTTCACTGCCCTACTGCCC,376236.0,,344625.0,31197.0,,376236.0,,344625.0,1742400,,,,,376236.0,31197.0,344625.0
CCACACCCTTCAAGCCGGATAGAAGGCTTGA,,,,,,,,,1234828,,,,,,,
GAAGGCTTGAAGCTTGCGGACAGTCACCATA,,,,,,,,,1234807,,,,,,,
ACAACCTTGAATCAGAATTTCGTACAAAAGG,,,,67.0,,,,,1234178,,,,,,67.0,
CCTTGTACAGCCTCCAGTCGATTGTTGGGAC,,,,,,,,,1234966,,,,,,,
AAAACATTGACCGCATTCATGGGCTTCGTCC,,,,,,,,,1235065,,,,,,,
GAAAGTCCACGCAGATGCGGCGGGCGCAAAA,,,,,,,,,1234663,,,,,,,
CGGTTTTGCGTTGGAAAATGCGACAAAACAA,421418.0,,294963.0,73915.0,,421418.0,,294963.0,1692730,,,,,421418.0,73915.0,294963.0
AAAAAGCATTCAATCTGATGGCGTTCCTTGT,,,,,,,,,1234991,,,,,,,
ACGCCAAGATGGAGGTTTTTTGCCATATCCC,82677.0,,,,,82677.0,,,740314,,,,,82677.0,,
CTAAAAATCCACTAGATACATATACTTACTA,,,190282.0,,,,,190282.0,1588095,,,,,,190282.0,190282.0
CAAAAGTGCGAAGCGCCTACGCGGGGAAATC,276605.0,,246766.0,,,276605.0,,246766.0,1644570,,,,,276605.0,246766.0,246766.0
CTCCACAAGGGCGTTTCGACACATTCAGAAG,82729.0,,,,,82729.0,,,740262,,,,,82729.0,,
ATATTCAAAGTCCGGCGTATCAGCCAGGGCA,,,,,,,,,1234609,,,,,,,
AATAGTTAGAGCGGTTCCGGCGATTCTGTTA,236619.0,,499482.0,,,236619.0,,499482.0,1896183,,,,,236619.0,499482.0,499482.0
CATGCGCTATGATCTGGTTGCGTTGAATGCA,,,,,,,,,1287253,,,,,,,
ATATGGTGCTATCAATGAGGACATATTCAAA,,,,,,,,,1234631,,,,,,,
AACGCCTACGCGGGGAAATCAGTCCACTGGA,417161.0,,180650.0,69658.0,,417161.0,,180650.0,1578705,,,,,417161.0,69658.0,180650.0
ATCGCAGCGCAATACGACGATAGCGTTTCAA,,,,,,,,,1287180,,,,,,,
CAGCCTCCAGTCGATTGTTGGGACACTGGAA,,,,,,,,,1234959,,,,,,,
TTAACAACCTTGAATCAGAATTTCGTACAAA,,,,64.0,,,,,1234181,,,,,,64.0,
CGCTGCGAATAAAGCCAACACCCGGCCATTA,,,,,,,,,1234778,,,,,,,
AGAACAGCCGTGAGCAGACGAAGCCTTACAG,,,,30.0,,,,,1109594,,,,,,30.0,
AAGGGCCTTCATTGCCAGCAATCTCAAGGCA,,,,,,,,,1234899,,,,,,,
CGCGAGCGACCGATGCAGGCAGCTTCAGCCC,,,,,,,,,1234697,,,,,,,
CGTGAGCAGACGAAGCCTTACAGATGAGCAA,,,,,,,,,1109602,,,,,,,
AAGCCGGATAGAAGGCTTGAAGCTTGCGGAC,,,,,,,,,1234817,,,,,,,
ATTTCGTACAAAAGGGAATCCTTGAATGCAG,,,,,,,,,1035717,,,,,,,
ATCTTCAGCTTTAGGAGCGAAACCGAAGGTG,82619.0,,,,,82619.0,,,740372,,,,,82619.0,,
TCAGAATTTCGTACAAAAGGGAATCCTTGAA,,,,,,,,,1035722,,,,,,,
CGAAATTCTGATTCAAGGTTGTTAAAGGAGA,,,,58.0,,,,,1234187,,,,,,58.0,
AGCTTCAGCCCCCCTTTTGCGCCCGCCGCAT,,,,,,,,,1234677,,,,,,,
TCGCAGCGGTAGGCCGATAGCATCGACAACA,,,,,,,,,1234755,,,,,,,
CTATCGTCGTATTGCGCTGCGATGCGAGAAA,,,,,,,,,1287188,,,,,,,
ATGCAGCTTGGTCGTCAATCCACCGCGCGAG,,,,,,,,,1234722,,,,,,,
AAACATTGACCGCATTCATGGGCTTCGTCCA,,,,,,,,,1235066,,,,,,,
TGGGCAAAAAATCTTCAGCTTTAGGAGCGAA,401284.0,,,54503.0,,401284.0,,,740382,,,,,401284.0,54503.0,
AAGTGCGAAGCGCCTACGCGGGGAAATCAGT,276608.0,,246769.0,,,276608.0,,246769.0,1644573,,,,,276608.0,246769.0,246769.0
AAGCATATCTTCCGGGGCGAGTTGGTACGCC,,,,,,,,,1234413,,,,,,,
CCTATTCCCTTAACATACTGCCTTACTGCCC,,,344700.0,31122.0,,,,344700.0,1742475,,,,,,31122.0,344700.0
ATAGCGCATGCGAGATGGACGAAGCCCATGA,,,,,,,,,1235081,,,,,,,
AGGGCCTTCATTGCCAGCAATCTCAAGGCAA,,,,,,,,,1234900,,,,,,,
CAACTCGCCCCGGAAGATATGCTTCGATCCG,,,,,,,,,1109639,,,,,,,
ATGGCGTCGACAAATAATCGGTTATCGACGC,,,,,,,,,1234455,,,,,,,
AAACCGCTTCGCACTTTTGCTGGAAATGCTC,261614.0,,275251.0,,,261614.0,,275251.0,1672873,,,,,261614.0,275251.0,275251.0
GTGAAACGCCTACGCGGGGAAATCAGTCCAC,417157.0,,484123.0,69654.0,,417157.0,,484123.0,1880844,,,,,417157.0,69654.0,484123.0
ACCACCCCACCTTCGGTTTCGCTCCTAAAGC,82626.0,,,,,82626.0,,,740365,,,,,82626.0,,
TATATGTATCTAGTGGATTTTTAGAATTTGA,,,190289.0,,,,,190289.0,1588102,,,,,,190289.0,190289.0
ACTCCCCTACTCCCTTATTCCCCTATTCCCT,376181.0,,344679.0,31143.0,,376181.0,,344679.0,1742454,,,,,376181.0,31143.0,344679.0
CATGAACCGCTGTCCATTTGCCGAAGGTCGC,,,,,,,,,1234529,,,,,,,
ACCTTGAATCAGAATTTCGTACAAAAGGGAA,,,,70.0,,,,,1234175,,,,,,70.0,
CGGAAGATATGCTTCGATCCGGTTCCATTGC,,,,,,,,,1109629,,,,,,,
GCAGACGAAGCCTTACAGATGAGCAATGGAA,,,,116786.0,,,,,1109607,,,,,,116786.0,
CCTGCATCGGTCGCTCGCGCGGTGGATTGAC,,,,,,,,,1234709,,,,,,,
GCCAAAAGTGTGAAACGCCTACGCGGGGAAA,417148.0,,484114.0,69645.0,,417148.0,,484114.0,1880835,,,,,417148.0,69645.0,484114.0
AAGCGGGCATGAACCGCTGTCCATTTGCCGA,,,,,,,,,1234536,,,,,,,
GTTTCAAACGTCAAATTCTAAAAATCCACTA,,,190299.0,,,,,190299.0,1588112,,,,,,190299.0,190299.0
CATAGCGCATGCGAGATGGACGAAGCCCATG,,,,,,,,,1235082,,,,,,,
AGCCTTTCCCATACACCGGCGTGCGACCATC,,,,,,,,,1234572,,,,,,,
CTGATTTCTGATCCCGCTTCGATGCGTCGGA,265292.0,,429137.0,,,265292.0,,429137.0,1826012,,,,,265292.0,429137.0,429137.0
ATTCAAAGTCCGGCGTATCAGCCAGGGCATG,,,,,,,,,1234607,,,,,,,
GACGCCAAGATGGAGGTTTTTTGCCATATCC,82676.0,,,,,82676.0,,,740315,,,,,82676.0,,
ATTCTGATTCAAGGTTGTTAAAGGAGAACAG,,,,54.0,,,,,1234191,,,,,,54.0,
GCGCCTACGCGGGGAAATCAGTCCACTGGAC,276617.0,,246778.0,,,276617.0,,246778.0,1644582,,,,,276617.0,246778.0,246778.0
GAATATGTCCTCATTGATAGCACCATATCGA,,,,,,,,,1234634,,,,,,,
CCCAACAATCGACTGGAGGCTGTACAAGGAA,,,,,,,,,1234968,,,,,,,
AATGGACAGCGGTTCATGCCCGCTTTCGGCG,,,,,,,,,1234542,,,,,,,
GCTATCGGCCTACCGCTGCGAATAAAGCCAA,,,,,,,,,1234765,,,,,,,
GCTGTTTCAAACGTCAAATTCTAAAAATCCA,,,190302.0,,,,,190302.0,1588115,,,,,,190302.0,190302.0
TACGACGATAGCGTTTCAACTTGTTAAAAAA,,,,,,,,,1287168,,,,,,,
AAGGGGGGCTGAAGCTGCCTGCATCGGTCGC,,,,,,,,,1234692,,,,,,,
GCCGTGAGCAGACGAAGCCTTACAGATGAGC,,,,,,,,,1109600,,,,,,,
GTCAATCCAACACGTTCCAGTGTCCCAACAA,,,,,,,,,1234945,,,,,,,
CCCCCTTTTGCGCCCGCCGCATCTGCGTGGA,,,,,,,,,1234668,,,,,,,
AAAGTGCGAAGCGGTTTTGCGTAGGATAATG,,,219907.0,,,,,219907.0,1617720,,,,,,219907.0,219907.0
CAAAGTCCGGCGTATCAGCCAGGGCATGGAA,,,,,,,,,1234604,,,,,,,
AATAGGGGAATAAGGGAGTAGGGGAGTATGT,376185.0,,344675.0,31147.0,,376185.0,,344675.0,1742450,,,,,376185.0,31147.0,344675.0
GAAGCAAAATACACCGCGTCCCTTCGGGATA,401376.0,,,54595.0,,401376.0,,,407005,,,,,401376.0,54595.0,
AAAAACCCCTCGATTTTTGGCAGCAGTCAAA,237104.0,,,,,237104.0,,,1153079,,,,,237104.0,,
GCCTTCTATCCGGCTTGAAGGGTGTGGGGCA,,,,,,,,,1234832,,,,,,,
AAGCCTTCTATCCGGCTTGAAGGGTGTGGGG,,,,,,,,,1234830,,,,,,,
ACCGTTTCACACTTTTCGGGATGCGCTCTAG,347049.0,,55177.0,,,347049.0,,55177.0,1451786,,,,,347049.0,55177.0,55177.0
AAATCCACTAGATACATATACTTACTAGTGG,,,190278.0,,,,,190278.0,1588091,,,,,,190278.0,190278.0
ACTGGCGCGATCTGCCTGCGACCTTCGGCAA,,,,,,,,,1234512,,,,,,,
AGGGTGTGGGGCATGTCATTGCTGATGCAGC,,,,,,,,,1234850,,,,,,,
GCGCCCGCCGCATCTGCGTGGACTTTCGATA,,,,,,,,,1234659,,,,,,,
CAACGGCTCAGATCAAGGTCAATCCAACACG,,,,,,,,,1234928,,,,,,,
TACGAAATTCTGATTCAAGGTTGTTAAAGGA,,,,60.0,,,,,1234185,,,,,,60.0,
AACGGTTTTGCGTTGGAAAATGCGACAAAAC,421420.0,,294965.0,73917.0,,421420.0,,294965.0,1692732,,,,,421420.0,73917.0,294965.0
AGTGCGAAGCGCCTACGCGGGGAAATCAGTC,276609.0,,246770.0,,,276609.0,,246770.0,1644574,,,,,276609.0,246770.0,246770.0
AAGGCCCTTAAGTGATCGGCATCATAGGCTG,,,,,,,,,1234877,,,,,,,
ACAATCGACTGGAGGCTGTACAAGGAACGCC,,,,,,,,,1234972,,,,,,,
ATGCTGTTTCAAACGTCAAATTCTAAAAATC,,,499568.0,,,,,499568.0,1896269,,,,,,499568.0,499568.0
GGGAAAGGCTTTTCCATGCCCTGGCTGATAC,,,,,,,,,1234593,,,,,,,
AAGCGGTTTTGCGTCGGATAATGCGACAAAA,259309.0,,237429.0,,,259309.0,,237429.0,1635234,,,,,259309.0,237429.0,237429.0
ATACACCGCGTCCCTTCGGGATATGGCAAAA,401368.0,,,54587.0,,401368.0,,,406997,,,,,401368.0,54587.0,
ATTTCTGATCCCGCTTCGATGCGTCGGATAA,265295.0,,429134.0,,,265295.0,,429134.0,1826009,,,,,265295.0,429134.0,429134.0
TGTTAAAGGAGAACAGCCGTGAGCAGACGAA,,,,39.0,,,,,1234206,,,,,,39.0,
CTACGCAAAACCGCTTCGCACTTTTGCTGGA,,,219900.0,,,,,219900.0,1617713,,,,,,219900.0,219900.0
ATAGCATCGACAACAGCATGCAGCTTGGTCG,,,,,,,,,1234739,,,,,,,
TGCTGCCAAAAATCGAGGGGTTTTTCATCAA,237098.0,,,,,237098.0,,,1153073,,,,,237098.0,,
TCATTGCTGATGCAGCCTATGATGCCGATCA,,,,,,,,,1234865,,,,,,,
AAGGAACGCCATCAGATTGAATGCTTTTTTA,,,,,,,,,1287144,,,,,,,
AGGAGCGAAACCGAAGGTGGGGTGGTTCCCC,82631.0,,,,,82631.0,,,740360,,,,,82631.0,,
ATCGGCATCATAGGCTGCATCAGCAATGACA,,,,,,,,,1234863,,,,,,,
AACGCCATCAGATTGAATGCTTTTTTAACAA,,,,,,,,,1287148,,,,,,,
GTGTGGGGCATGTCATTGCTGATGCAGCCTA,,,,,,,,,1234853,,,,,,,
AGTTGCATTCTTCGTGATGCCGGGCTGCAAA,22212.0,,40081.0,,,22212.0,,40081.0,1436796,,,,,22212.0,40081.0,40081.0
CATTTTCGAGCCAAAAGTGCGAAGCGCCTAC,,,246755.0,,,,,246755.0,1644559,,,,,,246755.0,246755.0
AGCTTGGTCGTCAATCCACCGCGCGAGCGAC,,,,,,,,,1234718,,,,,,,
CCCTACTCCCTTATTCCCCTATTCCCTTAAC,376177.0,,344683.0,31139.0,,376177.0,,344683.0,1742458,,,,,376177.0,31139.0,344683.0
AACAACCTTGAATCAGAATTTCGTACAAAAG,,,,66.0,,,,,1234179,,,,,,66.0,
GATCATAGCGCATGCGAGATGGACGAAGCCC,,,,,,,,,1235085,,,,,,,
AAAGCGGGCATGAACCGCTGTCCATTTGCCG,,,,,,,,,1234537,,,,,,,
ACCCATGAATGCGGTCAATGTTTTCTCGCAT,,,,,,,,,1287209,,,,,,,
CATCATAGGCTGCATCAGCAATGACATGCCC,,,,,,,,,1234858,,,,,,,
AAACATTGACCGCATTCATGGGTTTCGTCCA,,,,,,,,,1287217,,,,,,,
CGAAGCATATCTTCCGGGGCGAGTTGGTACG,,,,,,,,,1109644,,,,,,,
TCATAGGCTGCATCAGCAATGACATGCCCCA,,,,,,,,,1234856,,,,,,,
CAGTCACCATAATGGCCGGGTGTTGGCTTTA,,,,,,,,,1234787,,,,,,,
TCGACTGGAGGCTGTACAAGGAACGCCATCA,,,,,,,,,1234976,,,,,,,
CGTTCCAGTGTCCCAACAATCGACTGGAGGC,,,,,,,,,1234957,,,,,,,
CAGTAAGGCAGTATGTTAAGGGAATAGGGGA,,,344697.0,31125.0,,,,344697.0,1742472,,,,,,31125.0,344697.0
AACAGCATGCAGCTTGGTCGTCAATCCACCG,,,,,,,,,1234728,,,,,,,
ACCATAATGGCCGGGTGTTGGCTTTATTCGC,,,,,,,,,1234782,,,,,,,
GAAGCGGTTTTGCGTCGGATAATGCGACAAA,259310.0,,237428.0,,,259310.0,,237428.0,1635233,,,,,259310.0,237428.0,237428.0
GAATTTCGTACAAAAGGGAATCCTTGAATGC,,,,,,,,,1035719,,,,,,,
CACTCTTTTCGCCACGGCCTGACGAATTTGC,22115.0,,461786.0,,,22115.0,,461786.0,1858660,,,,,22115.0,461786.0,461786.0
AGTTAGAGCGGTTCCGGCGATTCTGTTAAAA,236622.0,,499485.0,,,236622.0,,499485.0,1896186,,,,,236622.0,499485.0,499485.0
GCACTGGCGCGATCTGCCTGCGACCTTCGGC,,,,,,,,,1234510,,,,,,,
CAAGGTCAATCCAACACGTTCCAGTGTCCCA,,,,,,,,,1234941,,,,,,,
CTATCCGGCTTGAAGGGTGTGGGGCATGTCA,,,,,,,,,1234837,,,,,,,
AGTGGCGTCGATAACCGATTATTTGTCGACG,,,,,,,,,1234451,,,,,,,
TAACAACCTTGAATCAGAATTTCGTACAAAA,,,,65.0,,,,,1234180,,,,,,65.0,
CAAAAGTGTGAAACGCCTACGCGGGGAAATC,417150.0,,484116.0,69647.0,,417150.0,,484116.0,1880837,,,,,417150.0,69647.0,484116.0
AAAGTCCACGCAGATGCGGCGGGCGCAAAAG,,,,,,,,,1234664,,,,,,,
CGCGCGGTGGATTGACGACCAAGCTGCATGC,,,,,,,,,1234724,,,,,,,
AACAAGTTGAAACGCTATCGTCGTATTGCGC,,,,,,,,,1287174,,,,,,,
GATGCGGCGGGCGCAAAAGGGGGGCTGAAGC,,,,,,,,,1234676,,,,,,,
CAAGCTGCATGCTGTTGTCGATGCTATCGGC,,,,,,,,,1234743,,,,,,,
GCTCTAACTATTTGTTTTGTCGCATTTTCCA,236600.0,,,,,236600.0,,,1084937,,,,,236600.0,,
ACTGATTTCTGATCCCGCTTCGATGCGTCGG,,,429138.0,,,,,429138.0,1826013,,,,,,429138.0,429138.0
CATAATGGCCGGGTGTTGGCTTTATTCGCAG,,,,,,,,,1234780,,,,,,,
CAAAAGTGCGAAGCGGTTTTGCGTCGGATAA,259319.0,,275239.0,,,259319.0,,275239.0,1672861,,,,,259319.0,275239.0,275239.0
GGGAACCACCCCACCTTCGGTTTCGCTCCTA,82630.0,,,,,82630.0,,,740361,,,,,82630.0,,
ACCAAAACATACTCCCCTACTCCCTTATTCC,,,344669.0,31153.0,,,,344669.0,1742444,,,,,,31153.0,344669.0
AAAAGCATTCAATCTGATGGCGTTCCTTGTA,,,,,,,,,1234990,,,,,,,
CTTCCGGGGCGAGTTGGTACGCCCGGCCGCA,,,,,,,,,1234421,,,,,,,
CAGAAGCAAAATACACCGCGTCCCTTCGGGA,401378.0,,,54597.0,,401378.0,,,407007,,,,,401378.0,54597.0,
AGTGGATTGAATTTGACGTTTGAATCCCGGC,,,29353.0,,,,,29353.0,1588156,,,,,,29353.0,29353.0
CAAAAGTGCGAAGCGGTTTTGCGTAGGATAA,,,219905.0,,,,,219905.0,1617718,,,,,,219905.0,219905.0
CAGTTGCATTCTTCGTGATGCCGGGCTGCAA,22213.0,,40082.0,,,22213.0,,40082.0,1436797,,,,,22213.0,40082.0,40082.0
CAAAAAATCTTCAGCTTTAGGAGCGAAACCG,401288.0,,,54507.0,,401288.0,,,740378,,,,,401288.0,54507.0,
GCTATGATCTGGTTGCGTTGAATGCAGACAC,,,,,,,,,1287258,,,,,,,
CAAAACCGTTTCACACTTTTGCTGGAAATGC,480495.0,,464910.0,,,480495.0,,464910.0,1861784,,,,,480495.0,464910.0,464910.0
GACAACAGCATGCAGCTTGGTCGTCAATCCA,,,,,,,,,1234731,,,,,,,
TACAGATGAGCAATGGAACCGGATCGAAGCA,,,,,,,,,1109620,,,,,,,
ACTTGTTAAAAAAGCATTCAATCTGATGGCG,,,,,,,,,1287150,,,,,,,
CTGTCCGCAAGCTTCAAGCCTTCTATCCGGC,,,,,,,,,1234815,,,,,,,
AAATCAGTCCAGTGGACTGATTTCCCCGCAT,,,,,,,,,1769065,,,,,,,
AACCCATGAATGCGGTCAATGTTTTCTCGCA,,,,,,,,,1287210,,,,,,,
AAGGTCAATCCAACACGTTCCAGTGTCCCAA,,,,,,,,,1234942,,,,,,,
GCTATCGTCGTATTGCGCTGCGATGCGAGAA,,,,,,,,,1287187,,,,,,,
CGTAACCAGATCATAGCGCATGCGAGATGGA,,,,,,,,,1235093,,,,,,,
CGAGATGGACGAAACCCATGAATGCGGTCAA,,,,,,,,,1287222,,,,,,,
AGGGCAGTAAGGCAGTATGTTAAGGGAATAG,,,344701.0,31121.0,,,,344701.0,1742476,,,,,,31121.0,344701.0
CGCCGGAACCGCTCTAACTATTTGTTTTGTC,480539.0,,499473.0,,,480539.0,,499473.0,1896174,,,,,480539.0,499473.0,499473.0
AGGGACGCGGTGTATTTTGCTTCTGAATGTG,401384.0,,,54603.0,,401384.0,,,407013,,,,,401384.0,54603.0,
AAAAAATCTTCAGCTTTAGGAGCGAAACCGA,401289.0,,,54508.0,,401289.0,,,740377,,,,,401289.0,54508.0,
AAAAGCCTTTCCCATACACCGGCGTGCGACC,,,,,,,,,1234575,,,,,,,
ATCCGACGCATCGAAGCGGGATCAGAAATCA,265293.0,,429136.0,,,265293.0,,429136.0,1826011,,,,,265293.0,429136.0,429136.0
GCTCAGATCAAGGTCAATCCAACACGTTCCA,,,,,,,,,1234933,,,,,,,
AAGGTTGTTAAAGGAGAACAGCCGTGAGCAG,,,,44.0,,,,,1234201,,,,,,44.0,
ACTGGAGGCTGTACAAGGAACGCCATCAGAT,,,,,,,,,1234979,,,,,,,
ACGATAGCGTTTCAACTTGTTAAAAAAGCAT,,,,,,,,,1287164,,,,,,,
AAGTGATCGGCATCATAGGCTGCATCAGCAA,,,,,,,,,1234868,,,,,,,
ATATGGCAAAAAACCTCCATCTTGGCGTCGC,82674.0,,,,,82674.0,,,740317,,,,,82674.0,,
AACAATCGACTGGAGGCTGTACAAGGAACGC,,,,,,,,,1234971,,,,,,,
CAACTTGTTAAAAAAGCATTCAATCTGATGG,,,,,,,,,1287152,,,,,,,
CAGCAACAAAATACCCTCGCGCCAAACCATA,82789.0,,,,,82789.0,,,88334,,,,,82789.0,,
ATCCGGTTCCATTGCTCATCTGTAAGGCTTC,,,,,,,,,1109613,,,,,,,
CAAGTTGAAACGCTATCGTCGTATTGCGCTG,,,,,,,,,1287176,,,,,,,
ATGGAAAAGCCTTTCCCATACACCGGCGTGC,,,,,,,,,1234579,,,,,,,
ACGGCTGTTCTCCTTTAACAACCTTGAATCA,,,,50.0,,,,,1234195,,,,,,50.0,
AACAGCCGTGAGCAGACGAAGCCTTACAGAT,,,,,,,,,1109596,,,,,,,
CCAGCAATCTCAAGGCAACGGCTCAGATCAA,,,,,,,,,1234913,,,,,,,
ACATTGACCGCATTCATGGGCTTCGTCCATC,,,,,,,,,1235068,,,,,,,
AGCCAAAAGTGCGAAGCGCCTACGCGGGGAA,,,246763.0,,,,,246763.0,1644567,,,,,,246763.0,246763.0
CACCGCGTCCCTTCGGGATATGGCAAAAAAC,82691.0,,,,,82691.0,,,88236,,,,,82691.0,,
AGATTGATGAAAAACCCCTCGATTTTTGGCA,237095.0,,,,,237095.0,,,1153070,,,,,237095.0,,
ATATGCTGTTTCAAACGTCAAATTCTAAAAA,,,499566.0,,,,,499566.0,1896267,,,,,,499566.0,499566.0
CCATTTGCCGAAGGTCGCAGGCAGATCGCGC,,,,,,,,,1234516,,,,,,,
GGTTTTGCGTCGGATAATGCGACAAAACAAA,259305.0,,237433.0,,,259305.0,,237433.0,1635238,,,,,259305.0,237433.0,237433.0
ACGCGGTGTATTTTGCTTCTGAATGTGTCGA,401388.0,,,54607.0,,401388.0,,,407017,,,,,401388.0,54607.0,
CGAGGGTATTTTGTTGCTGAACAGGAGAAAC,3921.0,,,,,3921.0,,,740213,,,,,3921.0,,
CAGATCGCGCCAGTGCGCTGCATTGGCAGCC,,,,,,,,,1234495,,,,,,,
GGGCCTTCATTGCCAGCAATCTCAAGGCAAC,,,,,,,,,1234901,,,,,,,
AGCGGTAGGCCGATAGCATCGACAACAGCAT,,,,,,,,,1234751,,,,,,,
GCTTCGTCTGCTCACGGCTGTTCTCCTTTAA,,,,37.0,,,,,1234208,,,,,,37.0,
CCTTAAGTGATCGGCATCATAGGCTGCATCA,,,,,,,,,1234872,,,,,,,
CGCCACTGCGGCCGGGCGTACCAACTCGCCC,,,,,,,,,1234427,,,,,,,
AAGGCAGTATGTTAAGGGAATAGGGGAATAA,400289.0,,344693.0,53492.0,,400289.0,,344693.0,1742468,,,,,400289.0,53492.0,344693.0
CCACCTTCGGTTTCGCTCCTAAAGCTGAAGA,82620.0,,,,,82620.0,,,740371,,,,,82620.0,,
CAATCTCAAGGCAACGGCTCAGATCAAGGTC,,,,,,,,,1234917,,,,,,,
CAATGTTTTCTCGCATCGCAGCGCAATACGA,,,,,,,,,1287194,,,,,,,
TACGCCCGGCCGCAGTGGCGTCGATAACCGA,,,,,,,,,1234438,,,,,,,
AAGATGGCGTCGACAAATAATCGGTTATCGA,,,,,,,,,1234458,,,,,,,
AGGCTTGAAGCTTGCGGACAGTCACCATAAT,,,,,,,,,1234805,,,,,,,
GGTTCATGCCCGCTTTCGGCGATGGTCGCAC,,,,,,,,,1234552,,,,,,,
ATGAGGACATATTCAAAGTCCGGCGTATCAG,,,,,,,,,1234617,,,,,,,
GGATTGACCTTGATCTGAGCCGTTGCCTTGA,,,,,,,,,1234922,,,,,,,
GAATGCGGTCAATGTTTTCTCGCATCGCAGC,,,,,,,,,1287203,,,,,,,
CCATATCGAAAGTCCACGCAGATGCGGCGGG,,,,,,,,,1234656,,,,,,,
ATCCACCGCGCGAGCGACCGATGCAGGCAGC,,,,,,,,,1234705,,,,,,,
AGCGGGCATGAACCGCTGTCCATTTGCCGAA,,,,,,,,,1234535,,,,,,,
CATAGCGCATGCGAGATGGACGAAACCCATG,,,,,,,,,1287233,,,,,,,
AGAGCGGTTCCGGTTAAAACGGAATCGTTGG,417254.0,,425931.0,69751.0,,417254.0,,425931.0,1822806,,,,,417254.0,69751.0,425931.0
GCAGCTTCAGCCCCCCTTTTGCGCCCGCCGC,,,,,,,,,1234679,,,,,,,
ATCGAAGCATATCTTCCGGGGCGAGTTGGTA,,,,,,,,,1109642,,,,,,,
CACCATAATGGCCGGGTGTTGGCTTTATTCG,,,,,,,,,1234783,,,,,,,
CCATAATGGCCGGGTGTTGGCTTTATTCGCA,,,,,,,,,1234781,,,,,,,
GCAGTGGCGTCGATAACCGATTATTTGTCGA,,,,,,,,,1234449,,,,,,,
ACAGCCTCCAGTCGATTGTTGGGACACTGGA,,,,,,,,,1234960,,,,,,,
AAGGCTTTTCCATGCCCTGGCTGATACGCCG,,,,,,,,,1234597,,,,,,,
CATTCAATCTGATGGCGTTCCTTGTACAGCC,,,,,,,,,1234985,,,,,,,
CCGGGATTCAAACGTCAAATTCAATCCACTA,,,29352.0,,,,,29352.0,1588157,,,,,,29352.0,29352.0
AACACGTTCCAGTGTCCCAACAATCGACTGG,,,,,,,,,1234953,,,,,,,
AGTGCGAAGCGGTTTTGCGTAGGATAATGCG,,,219909.0,,,,,219909.0,1617722,,,,,,219909.0,219909.0
CCTTTAACAACCTTGAATCAGAATTTCGTAC,,,,61.0,,,,,1234184,,,,,,61.0,
CAGTAGGGCAGTAGGGCAGTAGGGCAGTGAA,400370.0,,344612.0,53573.0,,400370.0,,344612.0,1742387,,,,,400370.0,53573.0,344612.0
TCTCCACAAGGGCGTTTCGACACATTCAGAA,82730.0,,,,,82730.0,,,740261,,,,,82730.0,,
GGATAGAAGGCTTGAAGCTTGCGGACAGTCA,,,,,,,,,1234812,,,,,,,
TCGAAAGTCCACGCAGATGCGGCGGGCGCAA,,,,,,,,,1234661,,,,,,,
AGCGTTTCAACTTGTTAAAAAAGCATTCAAT,,,,,,,,,1287159,,,,,,,
AAAAGGGGGGCTGAAGCTGCCTGCATCGGTC,,,,,,,,,1234690,,,,,,,
GCAACGGCTCAGATCAAGGTCAATCCAACAC,,,,,,,,,1234927,,,,,,,
ATAGTTAGAGCGGTTCCGGCGATTCTGTTAA,236620.0,,499483.0,,,236620.0,,499483.0,1896184,,,,,236620.0,499483.0,499483.0
AAGGGCGTTTCGACACATTCAGAAGCAAAAT,82723.0,,,,,82723.0,,,740268,,,,,82723.0,,
CCTGCGACCTTCGGCAAATGGACAGCGGTTC,,,,,,,,,1234526,,,,,,,
TGAAACGGTTTTGCGTTGGAAAATGCGACAA,421423.0,,,73920.0,,421423.0,,,1189951,,,,,421423.0,73920.0,
GGTTTTGCGTTGGAAAATGCGACAAAACAAA,421417.0,,294962.0,73914.0,,421417.0,,294962.0,1692729,,,,,421417.0,73914.0,294962.0
GGGAATAGGGGAATAAGGGAGTAGGGGAGTA,376182.0,,344678.0,31144.0,,376182.0,,344678.0,1742453,,,,,376182.0,31144.0,344678.0
GACGCATCGAAGCGGGATCAGAAATCAGTCC,,,429140.0,,,,,429140.0,1826015,,,,,,429140.0,429140.0
GGACTTTCGATATGGTGCTATCAATGAGGAC,,,,,,,,,1234640,,,,,,,
ATTGACCGCATTCATGGGTTTCGTCCATCTC,,,,,,,,,1287221,,,,,,,
GCATTTTCGAGCCAAAAGTGTGAAACGCCTA,417138.0,,484104.0,69635.0,,417138.0,,484104.0,1880825,,,,,417138.0,69635.0,484104.0
AAAAGTGCGAAGCGGTTTTGCGTAGGATAAT,,,219906.0,,,,,219906.0,1617719,,,,,,219906.0,219906.0
AGTTGGTACGCCCGGCCGCAGTGGCGTCGAT,,,,,,,,,1234432,,,,,,,
CATTTCCAGCAAAAGTGTGAAACGGTTTTGC,480496.0,,320901.0,,,480496.0,,320901.0,1718687,,,,,480496.0,320901.0,320901.0
CAGCCGTGAGCAGACGAAGCCTTACAGATGA,,,,,,,,,1109598,,,,,,,
ATGCGGTCAATGTTTTCTCGCATCGCAGCGC,,,,,,,,,1287201,,,,,,,
GCAGCGGTAGGCCGATAGCATCGACAACAGC,,,,,,,,,1234753,,,,,,,
AGGTCAATCCAACACGTTCCAGTGTCCCAAC,,,,,,,,,1234943,,,,,,,
ATGCCCCACACCCTTCAAGCCGGATAGAAGG,,,,,,,,,1234833,,,,,,,
GCAACCAGATCATAGCGCATGCGAGATGGAC,,,,,,,,,1287243,,,,,,,
AATGCGGTCAATGTTTTCTCGCATCGCAGCG,,,,,,,,,1287202,,,,,,,
GCGTCGACAAATAATCGGTTATCGACGCCAC,,,,,,,,,1234452,,,,,,,
GAACCGAGGGATGCAAATGTTGGAATCAGAC,,,499656.0,,,,,499656.0,1896357,,,,,,499656.0,499656.0
GCCAGGGCATGGAAAAGCCTTTCCCATACAC,,,,,,,,,1234587,,,,,,,
AGAAGGCTTGAAGCTTGCGGACAGTCACCAT,,,,,,,,,1234808,,,,,,,
AAATTCTAAAAATCCACTAGATACATATACT,,,190287.0,,,,,190287.0,1588100,,,,,,190287.0,190287.0
GCCTGCATCGGTCGCTCGCGCGGTGGATTGA,,,,,,,,,1234708,,,,,,,
CAACCTTGAATCAGAATTTCGTACAAAAGGG,,,,68.0,,,,,1234177,,,,,,68.0,
GTTTGGCGCGAGGGTATTTTGTTGCTGAACA,82785.0,,,,,82785.0,,,740205,,,,,82785.0,,
AGATCATAGCGCATGCGAGATGGACGAAGCC,,,,,,,,,1235086,,,,,,,
ACCGCTGCGAATAAAGCCAACACCCGGCCAT,,,,,,,,,1234776,,,,,,,
AACGCAACCAGATCATAGCGCATGCGAGATG,,,,,,,,,1287246,,,,,,,
AATATGTCCTCATTGATAGCACCATATCGAA,,,,,,,,,1234635,,,,,,,
CAATGACATGCCCCACACCCTTCAAGCCGGA,,,,,,,,,1234840,,,,,,,
TCGGTCGCTCGCGCGGTGGATTGACGACCAA,,,,,,,,,1234715,,,,,,,
AATTTCGTACAAAAGGGAATCCTTGAATGCA,,,,,,,,,1035718,,,,,,,
ACATATACTTACTAGTGGTCTTTGTGATTCC,,,499607.0,,,,,499607.0,1896308,,,,,,499607.0,499607.0
AAGGGAATAGGGGAATAAGGGAGTAGGGGAG,376180.0,,344680.0,31142.0,,376180.0,,344680.0,1742455,,,,,376180.0,31142.0,344680.0
AAGCTGCCTGCATCGGTCGCTCGCGCGGTGG,,,,,,,,,1234703,,,,,,,
AGTGCGAAGCGGTTTTGCGTCGGATAATGCG,259315.0,,275235.0,,,259315.0,,275235.0,1672857,,,,,259315.0,275235.0,275235.0
CCCTTAAGTGATCGGCATCATAGGCTGCATC,,,,,,,,,1234873,,,,,,,
CATTGGCAGCCATCCACAAGATGGCGTCGAC,,,,,,,,,1234475,,,,,,,
CCTTCGGCAAATGGACAGCGGTTCATGCCCG,,,,,,,,,1234533,,,,,,,
CTAGTAAGTATATGTATCTAGTGGATTTTTA,,,190281.0,,,,,190281.0,1588094,,,,,,190281.0,190281.0
ATTATCCGACGCATCGAAGCGGGATCAGAAA,,,429133.0,,,,,429133.0,1826008,,,,,,429133.0,429133.0
CATATCTTCCGGGGCGAGTTGGTACGCCCGG,,,,,,,,,1234416,,,,,,,
ATCAGCCAGGGCATGGAAAAGCCTTTCCCAT,,,,,,,,,1234591,,,,,,,
CAGCGACCATATTCTTCACTGCCCTACTGCC,376235.0,,344626.0,31196.0,,376235.0,,344626.0,1742401,,,,,376235.0,31196.0,344626.0
CCCACCTTCGGTTTCGCTCCTAAAGCTGAAG,82621.0,,,,,82621.0,,,740370,,,,,82621.0,,
CCTACCGCTGCGAATAAAGCCAACACCCGGC,,,,,,,,,1234773,,,,,,,
ACTTTCGATATGGTGCTATCAATGAGGACAT,,,,,,,,,1234638,,,,,,,
CGGGCGTACCAACTCGCCCCGGAAGATATGC,,,,,,,,,1234415,,,,,,,
GCATCGACAACAGCATGCAGCTTGGTCGTCA,,,,,,,,,1234736,,,,,,,
CGACAAATAATCGGTTATCGACGCCACTGCG,,,,,,,,,1234448,,,,,,,
AAAGGCTTTTCCATGCCCTGGCTGATACGCC,,,,,,,,,1234596,,,,,,,
AGGGCGTTTCGACACATTCAGAAGCAAAATA,82722.0,,,,,82722.0,,,740269,,,,,82722.0,,
GCGAAGCGGTTTTGCGTCGGATAATGCGACA,259312.0,,237426.0,,,259312.0,,237426.0,1635231,,,,,259312.0,237426.0,237426.0
GTGCGAAGCGGTTTTGCGTCGGATAATGCGA,259314.0,,275234.0,,,259314.0,,275234.0,1672856,,,,,259314.0,275234.0,275234.0
AAGGGAATCCTTGAATGCAGACAGGCCCTAG,,,,,,,,,1035706,,,,,,,
CATGCCCCACACCCTTCAAGCCGGATAGAAG,,,,,,,,,1234834,,,,,,,
ATGCCGATCACTTAAGGGCCTTCATTGCCAG,,,,,,,,,1234886,,,,,,,
AGCTTTAGGAGCGAAACCGAAGGTGGGGTGG,82625.0,,,,,82625.0,,,740366,,,,,82625.0,,
AGTAGGGCAGTAGGGCAGTAGGGCAGTGAAG,376248.0,,344613.0,31209.0,,376248.0,,344613.0,1742388,,,,,376248.0,31209.0,344613.0
ATCACAAAGACCACTAGTAAGTATATGTATC,,,499604.0,,,,,499604.0,1896305,,,,,,499604.0,499604.0
ACATTGACCGCATTCATGGGTTTCGTCCATC,,,,,,,,,1287219,,,,,,,
CCAGATCATAGCGCATGCGAGATGGACGAAA,,,,,,,,,1287239,,,,,,,
CAGCCCCCCTTTTGCGCCCGCCGCATCTGCG,,,,,,,,,1234672,,,,,,,
ACCGTTTCACACTTTTGCTGGAAATGCTCTA,480491.0,,464914.0,,,480491.0,,464914.0,1861788,,,,,480491.0,464914.0,464914.0
CTATCGGCCTACCGCTGCGAATAAAGCCAAC,,,,,,,,,1234766,,,,,,,
CGCCAGTGCGCTGCATTGGCAGCCATCCACA,,,,,,,,,1234488,,,,,,,
CAAGATGGAGGTTTTTTGCCATATCCCGAAG,82681.0,,,,,82681.0,,,740310,,,,,82681.0,,
CAAAAGTGTGAAACGGTTTTGCGTTGGAAAA,,,179444.0,,,,,179444.0,1577499,,,,,,179444.0,179444.0
ATTGCTCATCTGTAAGGCTTCGTCTGCTCAC,,,,,,,,,1109603,,,,,,,
ATATCGAAAGTCCACGCAGATGCGGCGGGCG,,,,,,,,,1234658,,,,,,,
AGGAACGCCATCAGATTGAATGCTTTTTTAA,,,,,,,,,1287145,,,,,,,
TCGTCGTATTGCGCTGCGATGCGAGAAAACA,,,,,,,,,1287191,,,,,,,
ACTTAAGGGCCTTCATTGCCAGCAATCTCAA,,,,,,,,,1234895,,,,,,,
CCCGCGTAGGCGTTTCACACTTTTGGCTCGA,417144.0,,484110.0,69641.0,,417144.0,,484110.0,1880831,,,,,417144.0,69641.0,484110.0
GGTTGTTAAAGGAGAACAGCCGTGAGCAGAC,,,,42.0,,,,,1234203,,,,,,42.0,
AGAGCATTTTCGAGCCAAAAGTGTGAAACGC,417135.0,,484101.0,69632.0,,417135.0,,484101.0,1880822,,,,,417135.0,69632.0,484101.0
ACGACCAAGCTGCATGCTGTTGTCGATGCTA,,,,,,,,,1234738,,,,,,,
ATGCAGCGCACTGGCGCGATCTGCCTGCGAC,,,,,,,,,1234503,,,,,,,
CGACGCCATCTTGTGGATGGCTGCCAATGCA,,,,,,,,,1234477,,,,,,,
AAAGGGGGGCTGAAGCTGCCTGCATCGGTCG,,,,,,,,,1234691,,,,,,,
ACGTATCGAAGCGGGATCAGAAATCAGTCCA,417188.0,,,69685.0,,417188.0,,,1314025,,,,,417188.0,69685.0,
CCGCTCTAACTATTTGTTTTGTCGCATTATC,480531.0,,170295.0,,,480531.0,,170295.0,1568370,,,,,480531.0,170295.0,170295.0
GGTAGGCCGATAGCATCGACAACAGCATGCA,,,,,,,,,1234748,,,,,,,
CGTGGACTTTCGATATGGTGCTATCAATGAG,,,,,,,,,1234643,,,,,,,
CAAACGTCAAATTCTAAAAATCCACTAGATA,,,190295.0,,,,,190295.0,1588108,,,,,,190295.0,190295.0
TCAACGCAACCAGATCATAGCGCATGCGAGA,,,,,,,,,1287248,,,,,,,
AAAACCGTTTCACACTTTTGCTGGAAATGCT,480494.0,,464911.0,,,480494.0,,464911.0,1861785,,,,,480494.0,464911.0,464911.0
ACTCCCTTATTCCCCTATTCCCTTAACATAC,400295.0,,344687.0,53498.0,,400295.0,,344687.0,1742462,,,,,400295.0,53498.0,344687.0
CCAAGATGGAGGTTTTTTGCCATATCCCGAA,82680.0,,,,,82680.0,,,740311,,,,,82680.0,,
ACCCGGCCATTATGGTGACTGTCCGCAAGCT,,,,,,,,,1234797,,,,,,,
TCGTACAAAAGGGAATCCTTGAATGCAGACA,,,,,,,,,1035714,,,,,,,
TGAAAAACCCCTCGATTTTTGGCAGCAGTCA,237102.0,,,,,237102.0,,,1153077,,,,,237102.0,,
CAATCCAACACGTTCCAGTGTCCCAACAATC,,,,,,,,,1234947,,,,,,,
CTCCTGTTCAGCAACAAAATACCCTCGCGCC,3917.0,,,,,3917.0,,,740209,,,,,3917.0,,
AGTGTCCCAACAATCGACTGGAGGCTGTACA,,,,,,,,,1234963,,,,,,,
CCTGTCTGCATTCAAGGATTCCCTTTTGTAC,,,,,,,,,1035712,,,,,,,
CAGTGGACTGATTTCCCCGCGTAGGCGTTTC,417159.0,,180648.0,69656.0,,417159.0,,180648.0,1578703,,,,,417159.0,69656.0,180648.0
GCGTAGGCGCTTCGCACTTTTGGCTCGAAAA,,,246757.0,,,,,246757.0,1644561,,,,,,246757.0,246757.0
CTGAATGTGTCGAAACGCCCTTGTGGAGATC,82732.0,,,,,82732.0,,,740259,,,,,82732.0,,
ACATGCCCCACACCCTTCAAGCCGGATAGAA,,,,,,,,,1234835,,,,,,,
GGGCAGTAGGGCAGTAGGGCAGTGAAGAATA,376244.0,,344617.0,31205.0,,376244.0,,344617.0,1742392,,,,,376244.0,31205.0,344617.0
CACTGGCGCGATCTGCCTGCGACCTTCGGCA,,,,,,,,,1234511,,,,,,,
GTGTGAAACGGTTTTGCGTTGGAAAATGCGA,214713.0,,179439.0,,,214713.0,,179439.0,1577494,,,,,214713.0,179439.0,179439.0
GCGAGGGTATTTTGTTGCTGAACAGGAGAAA,3920.0,,,,,3920.0,,,740212,,,,,3920.0,,
AACCGAGGGATGCAAATGTTGGAATCAGACC,,,499657.0,,,,,499657.0,1896358,,,,,,499657.0,499657.0
AAGTATATGTATCTAGTGGATTTTTAGAATT,,,190286.0,,,,,190286.0,1588099,,,,,,190286.0,190286.0
GACGATAGCGTTTCAACTTGTTAAAAAAGCA,,,,,,,,,1287165,,,,,,,
AGTGTGAAACGGTTTTGCGTTGGAAAATGCG,214714.0,,179440.0,,,214714.0,,179440.0,1577495,,,,,214714.0,179440.0,179440.0
ACGCATCGAAGCGGGATCAGAAATCAGTCCA,276643.0,,180677.0,,,276643.0,,180677.0,1578732,,,,,276643.0,180677.0,180677.0
ACTGCTGCCAAAAATCGAGGGGTTTTTCATC,237100.0,,,,,237100.0,,,1153075,,,,,237100.0,,
CACCCTTCAAGCCGGATAGAAGGCTTGAAGC,,,,,,,,,1234825,,,,,,,
AAATCTTCAGCTTTAGGAGCGAAACCGAAGG,82617.0,,,,,82617.0,,,740374,,,,,82617.0,,
CATCGACAACAGCATGCAGCTTGGTCGTCAA,,,,,,,,,1234735,,,,,,,
AACCGTTTCACACTTTTGCTGGAAATGCTCT,480492.0,,464913.0,,,480492.0,,464913.0,1861787,,,,,480492.0,464913.0,464913.0
CGTATCAGCCAGGGCATGGAAAAGCCTTTCC,,,,,,,,,1234594,,,,,,,
GAGCCAAAAGTGTGAAACGCCTACGCGGGGA,417146.0,,484112.0,69643.0,,417146.0,,484112.0,1880833,,,,,417146.0,69643.0,484112.0
CGGTTCCATTGCTCATCTGTAAGGCTTCGTC,,,,116789.0,,,,,1109610,,,,,,116789.0,
GCTGTTCTCCTTTAACAACCTTGAATCAGAA,,,,53.0,,,,,1234192,,,,,,53.0,
ACCGCTGTCCATTTGCCGAAGGTCGCAGGCA,,,,,,,,,1234524,,,,,,,
AGTCCACGCAGATGCGGCGGGCGCAAAAGGG,,,,,,,,,1234666,,,,,,,
CCCCTCGATTTTTGGCAGCAGTCAAAAACGA,237109.0,,,,,237109.0,,,1153084,,,,,237109.0,,
AACCAAAACATACTCCCCTACTCCCTTATTC,,,344668.0,31154.0,,,,344668.0,1742443,,,,,,31154.0,344668.0
GGACTGATTTCCCCGCGTAGGCGCTTCGCAC,276610.0,,246771.0,,,276610.0,,246771.0,1644575,,,,,276610.0,246771.0,246771.0
GGCGTGCGACCATCGCCGAAAGCGGGCATGA,,,,,,,,,1234555,,,,,,,
CGCCCCGGAAGATATGCTTCGATCCGGTTCC,,,,,,,,,1109634,,,,,,,
CCCTTATTCCCCTATTCCCTTAACATACTGC,400292.0,,344690.0,53495.0,,400292.0,,344690.0,1742465,,,,,400292.0,53495.0,344690.0
CGGGTGTTGGCTTTATTCGCAGCGGTAGGCC,,,,,,,,,1234771,,,,,,,
CCATCTTGTGGATGGCTGCCAATGCAGCGCA,,,,,,,,,1234482,,,,,,,
AAGCGCCTACGCGGGGAAATCAGTCCACTGG,276615.0,,246776.0,,,276615.0,,246776.0,1644580,,,,,276615.0,246776.0,246776.0
AAGGCTTGAAGCTTGCGGACAGTCACCATAA,,,,,,,,,1234806,,,,,,,
ATCAATGAGGACATATTCAAAGTCCGGCGTA,,,,,,,,,1234621,,,,,,,
ACCGATGCAGGCAGCTTCAGCCCCCCTTTTG,,,,,,,,,1234689,,,,,,,
CGTTGCCTTGAGATTGCTGGCAATGAAGGCC,,,,,,,,,1234902,,,,,,,
AAATTCTGATTCAAGGTTGTTAAAGGAGAAC,,,,56.0,,,,,1234189,,,,,,56.0,
GGGCGTGTCTGCATTCAACGCAACCAGATCA,,,,,,,,,1287262,,,,,,,
CCAAGCTGCATGCTGTTGTCGATGCTATCGG,,,,,,,,,1234742,,,,,,,
CCACAAGGGCGTTTCGACACATTCAGAAGCA,82727.0,,,,,82727.0,,,740264,,,,,82727.0,,
GACTTTGAATATGTCCTCATTGATAGCACCA,,,,,,,,,1234628,,,,,,,
CTAGTGGATTTTTAGAATTTGACGTTTGAAA,,,190298.0,,,,,190298.0,1588111,,,,,,190298.0,190298.0
ATTGCCAGCAATCTCAAGGCAACGGCTCAGA,,,,,,,,,1234909,,,,,,,
GAAAACATTGACCGCATTCATGGGCTTCGTC,,,,,,,,,1235064,,,,,,,
CCATATCCCGAAGGGACGCGGTGTATTTTGC,401373.0,,,54592.0,,401373.0,,,407002,,,,,401373.0,54592.0,
CAGGGCATGGAAAAGCCTTTCCCATACACCG,,,,,,,,,1234585,,,,,,,
GCGCTATGATCTGGTTGCGTTGAATGCAGAC,,,,,,,,,1287256,,,,,,,
AGCTGCCTGCATCGGTCGCTCGCGCGGTGGA,,,,,,,,,1234704,,,,,,,
GGGAGTAAGGGAGTAAGGGAGTAAGGGAGTA,,,,,,,,,1077661,,,,,,,
AGCCAGGGCATGGAAAAGCCTTTCCCATACA,,,,,,,,,1234588,,,,,,,
CCGCTGTCCATTTGCCGAAGGTCGCAGGCAG,,,,,,,,,1234523,,,,,,,
GGTCGCAGGCAGATCGCGCCAGTGCGCTGCA,,,,,,,,,1234504,,,,,,,
CACTGGACTGATTTCTGATCCCGCTTCGATG,276640.0,,371346.0,,,276640.0,,371346.0,1769082,,,,,276640.0,371346.0,371346.0
CAGCTTGGTCGTCAATCCACCGCGCGAGCGA,,,,,,,,,1234719,,,,,,,
CAGTAGGGCAGTAGGGCAGTGAAGAATATGG,376241.0,,344620.0,31202.0,,376241.0,,344620.0,1742395,,,,,376241.0,31202.0,344620.0
AAAATACACCGCGTCCCTTCGGGATATGGCA,401371.0,,,54590.0,,401371.0,,,407000,,,,,401371.0,54590.0,
ATTTGCCGAAGGTCGCAGGCAGATCGCGCCA,,,,,,,,,1234514,,,,,,,
CAACACGTTCCAGTGTCCCAACAATCGACTG,,,,,,,,,1234952,,,,,,,
CCCCGCGTAGGCGCTTCGCACTTTTGGCTCG,,,246761.0,,,,,246761.0,1644565,,,,,,246761.0,246761.0
CATAGGCTGCATCAGCAATGACATGCCCCAC,,,,,,,,,1234855,,,,,,,
AAGTCCGGCGTATCAGCCAGGGCATGGAAAA,,,,,,,,,1234602,,,,,,,
GCCTATGATGCCGATCACTTAAGGGCCTTCA,,,,,,,,,1234879,,,,,,,
ACACCCTTCAAGCCGGATAGAAGGCTTGAAG,,,,,,,,,1234826,,,,,,,
CATTTCCAGCAAAAGCGTGAAACGGTTTTGC,421440.0,,115361.0,73937.0,,421440.0,,115361.0,1512695,,,,,421440.0,73937.0,115361.0
ATCTGCGTGGACTTTCGATATGGTGCTATCA,,,,,,,,,1234648,,,,,,,
CATCTTGTGGATGGCTGCCAATGCAGCGCAC,,,,,,,,,1234483,,,,,,,
CTTCAAGCCGGATAGAAGGCTTGAAGCTTGC,,,,,,,,,1234821,,,,,,,
AGTGGATTTTTAGAATTTGACGTTTGAAACA,,,190300.0,,,,,190300.0,1588113,,,,,,190300.0,190300.0
TCAAAGTCCGGCGTATCAGCCAGGGCATGGA,,,,,,,,,1234605,,,,,,,
GAGCCGTTGCCTTGAGATTGCTGGCAATGAA,,,,,,,,,1234906,,,,,,,
AGTAAGGCAGTATGTTAAGGGAATAGGGGAA,,,344696.0,31126.0,,,,344696.0,1742471,,,,,,31126.0,344696.0
GCGGCCGGGCGTACCAACTCGCCCCGGAAGA,,,,,,,,,1234420,,,,,,,
ACGCCATCAGATTGAATGCTTTTTTAACAAG,,,,,,,,,1287149,,,,,,,
CACCATATCGAAAGTCCACGCAGATGCGGCG,,,,,,,,,1234654,,,,,,,
CACTGCGGCCGGGCGTACCAACTCGCCCCGG,,,,,,,,,1234424,,,,,,,
CATTTTCGAGCCAAAAGTGTGAAACGCCTAC,417139.0,,484105.0,69636.0,,417139.0,,484105.0,1880826,,,,,417139.0,69636.0,484105.0
AGATTGCTGGCAATGAAGGCCCTTAAGTGAT,,,,,,,,,1234892,,,,,,,
AAAGTGTGAAACGCCTACGCGGGGAAATCAG,417152.0,,484118.0,69649.0,,417152.0,,484118.0,1880839,,,,,417152.0,69649.0,484118.0
CTTATGGTTTGGCGCGAGGGTATTTTGTTGC,82791.0,,,,,82791.0,,,88336,,,,,82791.0,,
CAGCGGTTCATGCCCGCTTTCGGCGATGGTC,,,,,,,,,1234548,,,,,,,
CTGCCAATGCAGCGCACTGGCGCGATCTGCC,,,,,,,,,1234497,,,,,,,
CCAAAAATCGAGGGGTTTTTCATCAATCTGA,237093.0,,,,,237093.0,,,1153068,,,,,237093.0,,
CGTGCGACCATCGCCGAAAGCGGGCATGAAC,,,,,,,,,1234553,,,,,,,
CTCAAGGCAACGGCTCAGATCAAGGTCAATC,,,,,,,,,1234921,,,,,,,
GATCTGAGCCGTTGCCTTGAGATTGCTGGCA,,,,,,,,,1234911,,,,,,,
CTGGCGCGATCTGCCTGCGACCTTCGGCAAA,,,,,,,,,1234513,,,,,,,
GATGCCGATCACTTAAGGGCCTTCATTGCCA,,,,,,,,,1234885,,,,,,,
ACCGCTTCGCACTTTTGCTGGAAATGCTCTA,261616.0,,275253.0,,,261616.0,,275253.0,1672875,,,,,261616.0,275253.0,275253.0
AGATCATAGCGCATGCGAGATGGACGAAACC,,,,,,,,,1287237,,,,,,,
GCCTGTCTGCATTCAAGGATTCCCTTTTGTA,,,,,,,,,1035711,,,,,,,
ACAAGATGGCGTCGACAAATAATCGGTTATC,,,,,,,,,1234460,,,,,,,
GCGTCCCTTCGGGATATGGCAAAAAACCTCC,82687.0,,,,,82687.0,,,740304,,,,,82687.0,,
AGCCAAAAGTGTGAAACGCCTACGCGGGGAA,417147.0,,484113.0,69644.0,,417147.0,,484113.0,1880834,,,,,417147.0,69644.0,484113.0
CGACAACAGCATGCAGCTTGGTCGTCAATCC,,,,,,,,,1234732,,,,,,,
CTTTCCCATACACCGGCGTGCGACCATCGCC,,,,,,,,,1234569,,,,,,,
CAGACGAAGCCTTACAGATGAGCAATGGAAC,,,,116787.0,,,,,1109608,,,,,,116787.0,
CTCACGGCTGTTCTCCTTTAACAACCTTGAA,,,,47.0,,,,,1234198,,,,,,47.0,
CGCGTAGGCGTTTCACACTTTTGGCTCGAAA,417142.0,,484108.0,69639.0,,417142.0,,484108.0,1880829,,,,,417142.0,69639.0,484108.0
CCGTTGCCTTGAGATTGCTGGCAATGAAGGC,,,,,,,,,1234903,,,,,,,
ACCTTGATCTGAGCCGTTGCCTTGAGATTGC,,,,,,,,,1234916,,,,,,,
GGCTTTTCCATGCCCTGGCTGATACGCCGGA,,,,,,,,,1234599,,,,,,,
GCCAAGATGGAGGTTTTTTGCCATATCCCGA,82679.0,,,,,82679.0,,,740312,,,,,82679.0,,
CGCGATCTGCCTGCGACCTTCGGCAAATGGA,,,,,,,,,1234517,,,,,,,
AAAGCCTTTCCCATACACCGGCGTGCGACCA,,,,,,,,,1234574,,,,,,,
CAATCGACTGGAGGCTGTACAAGGAACGCCA,,,,,,,,,1234973,,,,,,,
CACACCCTTCAAGCCGGATAGAAGGCTTGAA,,,,,,,,,1234827,,,,,,,
GATGGAGGTTTTTTGCCATATCCCGAAGGGA,82684.0,,,,,82684.0,,,740307,,,,,82684.0,,
GGCCATTATGGTGACTGTCCGCAAGCTTCAA,,,,,,,,,1234801,,,,,,,
GGAGGCTGTACAAGGAACGCCATCAGATTGA,,,,,,,,,1234982,,,,,,,
TGGTTTGGCGCGAGGGTATTTTGTTGCTGAA,82787.0,,,,,82787.0,,,740203,,,,,82787.0,,
ATTCAAGGTTGTTAAAGGAGAACAGCCGTGA,,,,48.0,,,,,1234197,,,,,,48.0,
CGTATTGCGCTGCGATGCGAGAAAACATTGA,,,,,,,,,1287195,,,,,,,
AGATTGAATGCTTTTTTAACAAGTTGAAACG,,,,,,,,,1287157,,,,,,,
GCGAAGCGCCTACGCGGGGAAATCAGTCCAC,276612.0,,246773.0,,,276612.0,,246773.0,1644577,,,,,276612.0,246773.0,246773.0
CTTAAGGGCCTTCATTGCCAGCAATCTCAAG,,,,,,,,,1234896,,,,,,,
TCTGCGTGGACTTTCGATATGGTGCTATCAA,,,,,,,,,1234647,,,,,,,
TATTCGCAGCGGTAGGCCGATAGCATCGACA,,,,,,,,,1234758,,,,,,,
GCGATCTGCCTGCGACCTTCGGCAAATGGAC,,,,,,,,,1234518,,,,,,,
GCAGTAGGGCAGTAGGGCAGTAGGGCAGTGA,400371.0,,344611.0,53574.0,,400371.0,,344611.0,1742386,,,,,400371.0,53574.0,344611.0
GTAAGTATATGTATCTAGTGGATTTTTAGAA,,,190284.0,,,,,190284.0,1588097,,,,,,190284.0,190284.0
AATCTGATGGCGTTCCTTGTACAGCCTCCAG,,,,,,,,,1234980,,,,,,,
AACCGCTGTCCATTTGCCGAAGGTCGCAGGC,,,,,,,,,1234525,,,,,,,
ACCGCGCGAGCGACCGATGCAGGCAGCTTCA,,,,,,,,,1234701,,,,,,,
TATCAGCCAGGGCATGGAAAAGCCTTTCCCA,,,,,,,,,1234592,,,,,,,
CTCTTTTCGCCACGGCCTGACGAATTTGCAA,22113.0,,461788.0,,,22113.0,,461788.0,1858662,,,,,22113.0,461788.0,461788.0
ATTTCCCCGCGTAGGCGCTTCGCACTTTTGG,,,246765.0,,,,,246765.0,1644569,,,,,,246765.0,246765.0
CCGTGAGCAGACGAAGCCTTACAGATGAGCA,,,,,,,,,1109601,,,,,,,
ATGCGCTATGATCTGGTTGCGTTGAATGCAG,,,,,,,,,1287254,,,,,,,
AAGCTTCAAGCCTTCTATCCGGCTTGAAGGG,,,,,,,,,1234823,,,,,,,
CATACACCGGCGTGCGACCATCGCCGAAAGC,,,,,,,,,1234563,,,,,,,
ATCGCCGAAAGCGGGCATGAACCGCTGTCCA,,,,,,,,,1234544,,,,,,,
CCGATCACTTAAGGGCCTTCATTGCCAGCAA,,,,,,,,,1234889,,,,,,,
GATATGGTGCTATCAATGAGGACATATTCAA,,,,,,,,,1234632,,,,,,,
GATGCTATCGGCCTACCGCTGCGAATAAAGC,,,,,,,,,1234762,,,,,,,
GACATGCCCCACACCCTTCAAGCCGGATAGA,,,,,,,,,1234836,,,,,,,
CAAATAATCGGTTATCGACGCCACTGCGGCC,,,,,,,,,1234445,,,,,,,
AGCGGTTTTGCGTCGGATAATGCGACAAAAC,259308.0,,237430.0,,,259308.0,,237430.0,1635235,,,,,259308.0,237430.0,237430.0
CATGCGAGATGGACGAAACCCATGAATGCGG,,,,,,,,,1287226,,,,,,,
CGTCCATCTCGCATGCGCTATGATCTGGTTA,,,,,,,,,1235091,,,,,,,
ATGCTATCGGCCTACCGCTGCGAATAAAGCC,,,,,,,,,1234763,,,,,,,
CAGCGGTAGGCCGATAGCATCGACAACAGCA,,,,,,,,,1234752,,,,,,,
ACAGCATGCAGCTTGGTCGTCAATCCACCGC,,,,,,,,,1234727,,,,,,,
CCGGCTTGAAGGGTGTGGGGCATGTCATTGC,,,,,,,,,1234841,,,,,,,
CCATTATGGTGACTGTCCGCAAGCTTCAAGC,,,,,,,,,1234803,,,,,,,
CACCCCACCTTCGGTTTCGCTCCTAAAGCTG,82624.0,,,,,82624.0,,,740367,,,,,82624.0,,
AGTGATCGGCATCATAGGCTGCATCAGCAAT,,,,,,,,,1234867,,,,,,,
CGGCCTACCGCTGCGAATAAAGCCAACACCC,,,,,,,,,1234770,,,,,,,
ATTTGTTTTGTCGCATTTTCCAACGCAAAAC,421416.0,,294961.0,73913.0,,421416.0,,294961.0,1692728,,,,,421416.0,73913.0,294961.0
CTGATGCAGCCTATGATGCCGATCACTTAAG,,,,,,,,,1234871,,,,,,,
CCATTGCTCATCTGTAAGGCTTCGTCTGCTC,,,,116784.0,,,,,1109605,,,,,,116784.0,
TGGCAGCCATCCACAAGATGGCGTCGACAAA,,,,,,,,,1234472,,,,,,,
GCGTTGGAAAATGCGACAAAACAAATAGTTA,236596.0,,,,,236596.0,,,1084933,,,,,236596.0,,
CTTTAACAACCTTGAATCAGAATTTCGTACA,,,,62.0,,,,,1234183,,,,,,62.0,
CGCGTCCCTTCGGGATATGGCAAAAAACCTC,82688.0,,,,,82688.0,,,88233,,,,,82688.0,,
GAGATTGCTGGCAATGAAGGCCCTTAAGTGA,,,,,,,,,1234893,,,,,,,
ACCGAGGGATGCAAATGTTGGAATCAGACCA,,,499658.0,,,,,499658.0,1896359,,,,,,499658.0,499658.0
AAACCCATGAATGCGGTCAATGTTTTCTCGC,,,,,,,,,1287211,,,,,,,
CAACGCTTGAACCGAGGGATGCAAATGTTGG,,,,,,,,,1110495,,,,,,,
AAGCAAAATACACCGCGTCCCTTCGGGATAT,401375.0,,,54594.0,,401375.0,,,407004,,,,,401375.0,54594.0,
CGGACTTTGAATATGTCCTCATTGATAGCAC,,,,,,,,,1234626,,,,,,,
GATTATTTGTCGACGCCATCTTGTGGATGGC,,,,,,,,,1234467,,,,,,,
AACCAGATCATAGCGCATGCGAGATGGACGA,,,,,,,,,1287241,,,,,,,
ACAAAGACCACTAGTAAGTATATGTATCTAG,,,499601.0,,,,,499601.0,1896302,,,,,,499601.0,499601.0
CCAACTCGCCCCGGAAGATATGCTTCGATCC,,,,,,,,,1109640,,,,,,,
CCTGTTCAGCAACAAAATACCCTCGCGCCAA,82783.0,,,,,82783.0,,,740207,,,,,82783.0,,
CGCGCCAGTGCGCTGCATTGGCAGCCATCCA,,,,,,,,,1234490,,,,,,,
AGTGCGCTGCATTGGCAGCCATCCACAAGAT,,,,,,,,,1234484,,,,,,,
ACGAAACCCATGAATGCGGTCAATGTTTTCT,,,,,,,,,1287214,,,,,,,
AGAAGCAAAATACACCGCGTCCCTTCGGGAT,401377.0,,,54596.0,,401377.0,,,407006,,,,,401377.0,54596.0,
CCCTATTCCCTTAACATACTGCCTTACTGCC,,,344699.0,31123.0,,,,344699.0,1742474,,,,,,31123.0,344699.0
GTATTGCGCTGCGATGCGAGAAAACATTGAC,,,,,,,,,1287196,,,,,,,
TAGAATTTGACGTTTGAAACAGCATATGTAA,,,190310.0,,,,,190310.0,1588123,,,,,,190310.0,190310.0
CAACCAGATCATAGCGCATGCGAGATGGACG,,,,,,,,,1287242,,,,,,,
GCCTTACAGATGAGCAATGGAACCGGATCGA,,,,,,,,,1109616,,,,,,,
CGGTTTTGCGTCGGATAATGCGACAAAACAA,259306.0,,237432.0,,,259306.0,,237432.0,1635237,,,,,259306.0,237432.0,237432.0
AACTTGTTAAAAAAGCATTCAATCTGATGGC,,,,,,,,,1287151,,,,,,,
CGGTTTTGCGTAGGATAATGCGACAAAACAA,19002.0,,217338.0,,,19002.0,,217338.0,1615151,,,,,19002.0,217338.0,217338.0
AAGTGCGAAGCGGTTTTGCGTCGGATAATGC,259316.0,,275236.0,,,259316.0,,275236.0,1672858,,,,,259316.0,275236.0,275236.0
CGAAACCCATGAATGCGGTCAATGTTTTCTC,,,,,,,,,1287213,,,,,,,
AAAGCCAACACCCGGCCATTATGGTGACTGT,,,,,,,,,1234788,,,,,,,
ACAGCCGTGAGCAGACGAAGCCTTACAGATG,,,,,,,,,1109597,,,,,,,
GATTTCTGATCCCGCTTCGATGCGTCGGATA,265294.0,,429135.0,,,265294.0,,429135.0,1826010,,,,,265294.0,429135.0,429135.0
ACGCCGGACTTTGAATATGTCCTCATTGATA,,,,,,,,,1234622,,,,,,,
ATTGATAGCACCATATCGAAAGTCCACGCAG,,,,,,,,,1234646,,,,,,,
GGCAAAAAATCTTCAGCTTTAGGAGCGAAAC,401286.0,,,54505.0,,401286.0,,,740380,,,,,401286.0,54505.0,
GAAGATATGCTTCGATCCGGTTCCATTGCTC,,,,,,,,,1109627,,,,,,,
CGCATGCGAGATGGACGAAACCCATGAATGC,,,,,,,,,1287228,,,,,,,
CAAAAGGGAATCCTTGAATGCAGACAGGCCC,,,,,,,,,1035709,,,,,,,
ATTGGCAGCCATCCACAAGATGGCGTCGACA,,,,,,,,,1234474,,,,,,,
AGCTGCATGCTGTTGTCGATGCTATCGGCCT,,,,,,,,,1234745,,,,,,,
AGCATTCAATCTGATGGCGTTCCTTGTACAG,,,,,,,,,1234987,,,,,,,
AAAACCCCTCGATTTTTGGCAGCAGTCAAAA,237105.0,,,,,237105.0,,,1153080,,,,,237105.0,,
CCGATGCAGGCAGCTTCAGCCCCCCTTTTGC,,,,,,,,,1234688,,,,,,,
CCGCAGTGGCGTCGATAACCGATTATTTGTC,,,,,,,,,1234447,,,,,,,
CGTTGGAAAATGCGACAAAACAAATAGTTAG,236597.0,,,,,236597.0,,,1084934,,,,,236597.0,,
AATGAGGACATATTCAAAGTCCGGCGTATCA,,,,,,,,,1234618,,,,,,,
AAGTCCACGCAGATGCGGCGGGCGCAAAAGG,,,,,,,,,1234665,,,,,,,
ATTGATGAAAAACCCCTCGATTTTTGGCAGC,237097.0,,,,,237097.0,,,1153072,,,,,237097.0,,
CCAGTGTCCCAACAATCGACTGGAGGCTGTA,,,,,,,,,1234961,,,,,,,
AATCTTCAGCTTTAGGAGCGAAACCGAAGGT,82618.0,,,,,82618.0,,,740373,,,,,82618.0,,
CTAAAGCTGAAGATTTTTTGCCCATACCAAA,401277.0,,,54496.0,,401277.0,,,740389,,,,,401277.0,54496.0,
ATGTTGGAATCACAAAGACCACTAGTAAGTA,,,499612.0,,,,,499612.0,1896313,,,,,,499612.0,499612.0
AAAGTCCGGCGTATCAGCCAGGGCATGGAAA,,,,,,,,,1234603,,,,,,,
CCTCATTGATAGCACCATATCGAAAGTCCAC,,,,,,,,,1234642,,,,,,,
AGCAATGACATGCCCCACACCCTTCAAGCCG,,,,,,,,,1234842,,,,,,,
GAACCGGATCGAAGCATATCTTCCGGGGCGA,,,,,,,,,1109635,,,,,,,
ACAAGGGCGTTTCGACACATTCAGAAGCAAA,82725.0,,,,,82725.0,,,740266,,,,,82725.0,,
AATAATCGGTTATCGACGCCACTGCGGCCGG,,,,,,,,,1234443,,,,,,,
CGCTATCGTCGTATTGCGCTGCGATGCGAGA,,,,,,,,,1287186,,,,,,,
AATCCACCGCGCGAGCGACCGATGCAGGCAG,,,,,,,,,1234706,,,,,,,
GGAACGCCATCAGATTGAATGCTTTTTTAAC,,,,,,,,,1287146,,,,,,,
GCCACTGCGGCCGGGCGTACCAACTCGCCCC,,,,,,,,,1234426,,,,,,,
CGCCATCTTGTGGATGGCTGCCAATGCAGCG,,,,,,,,,1234480,,,,,,,
CAGGCAGATCGCGCCAGTGCGCTGCATTGGC,,,,,,,,,1234499,,,,,,,
ATCAGCAATGACATGCCCCACACCCTTCAAG,,,,,,,,,1234845,,,,,,,
ATGATCTGGTTGCGTTGAATGCAGACACGCC,,,,,,,,,1287261,,,,,,,
TAGCGCATGCGAGATGGACGAAACCCATGAA,,,,,,,,,1287231,,,,,,,
CCTACTCCCTTATTCCCCTATTCCCTTAACA,376176.0,,344684.0,31138.0,,376176.0,,344684.0,1742459,,,,,376176.0,31138.0,344684.0
CTAGAGCATTTTCGAGCCAAAAGTGCGAAGC,,,371294.0,,,,,371294.0,1769030,,,,,,371294.0,371294.0
CGGCTCAGATCAAGGTCAATCCAACACGTTC,,,,,,,,,1234931,,,,,,,
GCACCATATCGAAAGTCCACGCAGATGCGGC,,,,,,,,,1234653,,,,,,,
GTTGGAATCACAAAGACCACTAGTAAGTATA,,,499610.0,,,,,499610.0,1896311,,,,,,499610.0,499610.0
CGCAACCAGATCATAGCGCATGCGAGATGGA,,,,,,,,,1287244,,,,,,,
CAGCAAAAGTGCGAAGCGGTTTTGCGTAGGA,,,219902.0,,,,,219902.0,1617715,,,,,,219902.0,219902.0
CAACAGCATGCAGCTTGGTCGTCAATCCACC,,,,,,,,,1234729,,,,,,,
AGTCGATTGTTGGGACACTGGAACGTGTTGG,,,,,,,,,1234951,,,,,,,
GACTTTCGATATGGTGCTATCAATGAGGACA,,,,,,,,,1234639,,,,,,,
AAAAGTGCGAAGCGGTTTTGCGTCGGATAAT,259318.0,,275238.0,,,259318.0,,275238.0,1672860,,,,,259318.0,275238.0,275238.0
AATCGACTGGAGGCTGTACAAGGAACGCCAT,,,,,,,,,1234974,,,,,,,
AGATACATATACTTACTAGTGGTCTTTGTGA,,,499603.0,,,,,499603.0,1896304,,,,,,499603.0,499603.0
CGTTTCGACACATTCAGAAGCAAAATACACC,82718.0,,,,,82718.0,,,88263,,,,,82718.0,,
CGGACAGTCACCATAATGGCCGGGTGTTGGC,,,,,,,,,1234791,,,,,,,
CTCCTAAAGCTGAAGATTTTTTGCCCATACC,401280.0,,,54499.0,,401280.0,,,740386,,,,,401280.0,54499.0,
CGTTTCTCCTGTTCAGCAACAAAATACCCTC,3922.0,,,,,3922.0,,,740214,,,,,3922.0,,
AAGCTTGCGGACAGTCACCATAATGGCCGGG,,,,,,,,,1234798,,,,,,,
GCGACCATCGCCGAAAGCGGGCATGAACCGC,,,,,,,,,1234550,,,,,,,
CATGCGAGATGGACGAAGCCCATGAATGCGG,,,,,,,,,1235075,,,,,,,
AGCAAAAGTGCGAAGCGGTTTTGCGTAGGAT,,,219903.0,,,,,219903.0,1617716,,,,,,219903.0,219903.0
ATAGCGCATGCGAGATGGACGAAACCCATGA,,,,,,,,,1287232,,,,,,,
TACGCAAAACCGCTTCGCACTTTTGCTGGAA,261608.0,,219899.0,,,261608.0,,219899.0,1617712,,,,,261608.0,219899.0,219899.0
CTTGAAGCTTGCGGACAGTCACCATAATGGC,,,,,,,,,1234802,,,,,,,
ATACTTACTAGTGGTCTTTGTGATTCCAACA,,,499611.0,,,,,499611.0,1896312,,,,,,499611.0,499611.0
AAGATATGCTTCGATCCGGTTCCATTGCTCA,,,,,,,,,1109626,,,,,,,
AAAACATTGACCGCATTCATGGGTTTCGTCC,,,,,,,,,1287216,,,,,,,
AAAGTGCGAAGCGCCTACGCGGGGAAATCAG,276607.0,,246768.0,,,276607.0,,246768.0,1644572,,,,,276607.0,246768.0,246768.0
TATCGGCCTACCGCTGCGAATAAAGCCAACA,,,,,,,,,1234767,,,,,,,
CCACGCAGATGCGGCGGGCGCAAAAGGGGGG,,,,,,,,,1234669,,,,,,,
CTGCGACCTTCGGCAAATGGACAGCGGTTCA,,,,,,,,,1234527,,,,,,,
GATAGAAGGCTTGAAGCTTGCGGACAGTCAC,,,,,,,,,1234811,,,,,,,
TAGGGCAGTAGGGCAGTAGGGCAGTGAAGAA,376246.0,,344615.0,31207.0,,376246.0,,344615.0,1742390,,,,,376246.0,31207.0,344615.0
ATTTCCAGCAAAAGTGTGAAACGGTTTTGCG,480497.0,,320902.0,,,480497.0,,320902.0,1718688,,,,,480497.0,320902.0,320902.0
TCTGATTCCAACATTTGCATCCCTCGGTTCA,,,499655.0,,,,,499655.0,1896356,,,,,,499655.0,499655.0
ATGGAACCGGATCGAAGCATATCTTCCGGGG,,,,,,,,,1109632,,,,,,,
GAACGCCATCAGATTGAATGCTTTTTTAACA,,,,,,,,,1287147,,,,,,,
AACGGCTCAGATCAAGGTCAATCCAACACGT,,,,,,,,,1234929,,,,,,,
AGGGCATGGAAAAGCCTTTCCCATACACCGG,,,,,,,,,1234584,,,,,,,
ATTCAAGGATTCCCTTTTGTACGAAATTCTG,,,,,,,,,1035721,,,,,,,
AGCGCACTGGCGCGATCTGCCTGCGACCTTC,,,,,,,,,1234507,,,,,,,
CATCGCCGAAAGCGGGCATGAACCGCTGTCC,,,,,,,,,1234545,,,,,,,
GCCGGACTTTGAATATGTCCTCATTGATAGC,,,,,,,,,1234624,,,,,,,
GAAGGGTGTGGGGCATGTCATTGCTGATGCA,,,,,,,,,1234848,,,,,,,
CAGCCATCCACAAGATGGCGTCGACAAATAA,,,,,,,,,1234469,,,,,,,
CGCTCCTAAAGCTGAAGATTTTTTGCCCATA,401282.0,,,54501.0,,401282.0,,,740384,,,,,401282.0,54501.0,
ATGGAGGTTTTTTGCCATATCCCGAAGGGAC,82685.0,,,,,82685.0,,,740306,,,,,82685.0,,
CAAATTCTAAAAATCCACTAGATACATATAC,,,190288.0,,,,,190288.0,1588101,,,,,,190288.0,190288.0
GAAAAACCCCTCGATTTTTGGCAGCAGTCAA,237103.0,,,,,237103.0,,,1153078,,,,,237103.0,,
ATACGCCGGACTTTGAATATGTCCTCATTGA,,,,,,,,,1234620,,,,,,,
TATCGTCGTATTGCGCTGCGATGCGAGAAAA,,,,,,,,,1287189,,,,,,,
AATTCTGATTCAAGGTTGTTAAAGGAGAACA,,,,55.0,,,,,1234190,,,,,,55.0,
GCTGCATGCTGTTGTCGATGCTATCGGCCTA,,,,,,,,,1234746,,,,,,,
AACGTAACCAGATCATAGCGCATGCGAGATG,,,,,,,,,1235095,,,,,,,
ACACGTTCCAGTGTCCCAACAATCGACTGGA,,,,,,,,,1234954,,,,,,,
CTGCTGCCAAAAATCGAGGGGTTTTTCATCA,237099.0,,,,,237099.0,,,1153074,,,,,237099.0,,
ATTGTTGGGACACTGGAACGTGTTGGATTGA,,,,,,,,,1234946,,,,,,,
GGATGGCTGCCAATGCAGCGCACTGGCGCGA,,,,,,,,,1234491,,,,,,,
AGCAATCTCAAGGCAACGGCTCAGATCAAGG,,,,,,,,,1234915,,,,,,,
GGATTTTTAGAATTTGACGTTTGAAACAGCA,,,499569.0,,,,,499569.0,1896270,,,,,,499569.0,499569.0
AGGCTGCATCAGCAATGACATGCCCCACACC,,,,,,,,,1234852,,,,,,,
GGTTTGGCGCGAGGGTATTTTGTTGCTGAAC,82786.0,,,,,82786.0,,,740204,,,,,82786.0,,
GGAGAACAGCCGTGAGCAGACGAAGCCTTAC,,,,32.0,,,,,1109592,,,,,,32.0,
GCTTCGATCCGGTTCCATTGCTCATCTGTAA,,,,,,,,,1109619,,,,,,,
ATGGTTTGGCGCGAGGGTATTTTGTTGCTGA,82788.0,,,,,82788.0,,,740202,,,,,82788.0,,
AAAAGTGTGAAACGGTTTTGCGTTGGAAAAT,,,179443.0,,,,,179443.0,1577498,,,,,,179443.0,179443.0
GCGGTGTATTTTGCTTCTGAATGTGTCGAAA,401390.0,,,54609.0,,401390.0,,,407019,,,,,401390.0,54609.0,
ATGTCATTGCTGATGCAGCCTATGATGCCGA,,,,,,,,,1234862,,,,,,,
CAGTGTCCCAACAATCGACTGGAGGCTGTAC,,,,,,,,,1234962,,,,,,,
TTGGCAGCCATCCACAAGATGGCGTCGACAA,,,,,,,,,1234473,,,,,,,
GCCATCTTGTGGATGGCTGCCAATGCAGCGC,,,,,,,,,1234481,,,,,,,
CAAGGTTGTTAAAGGAGAACAGCCGTGAGCA,,,,45.0,,,,,1234200,,,,,,45.0,
TCTGCATTCAAGGATTCCCTTTTGTACGAAA,,,,,,,,,1035716,,,,,,,
AGCCCATGAATGCGGTCAATGTTTTCTCGCA,,,,,,,,,1235059,,,,,,,
CGACCTTCGGCAAATGGACAGCGGTTCATGC,,,,,,,,,1234530,,,,,,,
TACACCGCGTCCCTTCGGGATATGGCAAAAA,401367.0,,,54586.0,,401367.0,,,406996,,,,,401367.0,54586.0,
GCAAAAAATCTTCAGCTTTAGGAGCGAAACC,401287.0,,,54506.0,,401287.0,,,740379,,,,,401287.0,54506.0,
AGCCGGATAGAAGGCTTGAAGCTTGCGGACA,,,,,,,,,1234816,,,,,,,
CATCGGTCGCTCGCGCGGTGGATTGACGACC,,,,,,,,,1234713,,,,,,,
AGGGCAGTAGGGCAGTGAAGAATATGGTCGC,376237.0,,344624.0,31198.0,,376237.0,,344624.0,1742399,,,,,376237.0,31198.0,344624.0
CCATCCACAAGATGGCGTCGACAAATAATCG,,,,,,,,,1234466,,,,,,,
TCGGCGATGGTCGCACGCCGGTGTATGGGAA,,,,,,,,,1234567,,,,,,,
CAGTGCGCTGCATTGGCAGCCATCCACAAGA,,,,,,,,,1234485,,,,,,,
CGGTTCATGCCCGCTTTCGGCGATGGTCGCA,,,,,,,,,1234551,,,,,,,
ACCGGCGTGCGACCATCGCCGAAAGCGGGCA,,,,,,,,,1234558,,,,,,,
CAAGCTTCAAGCCTTCTATCCGGCTTGAAGG,,,,,,,,,1234822,,,,,,,
CGGTTATCGACGCCACTGCGGCCGGGCGTAC,,,,,,,,,1234437,,,,,,,
GGAGTAAGGGAGTAAGGGAGTAAGGGAGTAA,,,,,,,,,1077660,,,,,,,
ATATGTCCTCATTGATAGCACCATATCGAAA,,,,,,,,,1234636,,,,,,,
GGGTATTTTGTTGCTGAACAGGAGAAACGAC,3924.0,,,,,3924.0,,,740216,,,,,3924.0,,
AGCCTCCAGTCGATTGTTGGGACACTGGAAC,,,,,,,,,1234958,,,,,,,
GGGACACTGGAACGTGTTGGATTGACCTTGA,,,,,,,,,1234940,,,,,,,
GGTCAATGTTTTCTCGCATCGCAGCGCAATA,,,,,,,,,1287197,,,,,,,
CTGCCAAAAATCGAGGGGTTTTTCATCAATC,237096.0,,,,,237096.0,,,1153071,,,,,237096.0,,
CAAAACATACTCCCCTACTCCCTTATTCCCC,,,344671.0,31151.0,,,,344671.0,1742446,,,,,,31151.0,344671.0
ATTTAGAGCGCATCCCGAAAAGTGTGAAACG,,,464991.0,,,,,464991.0,1861865,,,,,,464991.0,464991.0
CCAAAACATACTCCCCTACTCCCTTATTCCC,,,344670.0,31152.0,,,,344670.0,1742445,,,,,,31152.0,344670.0
CCGGCCATTATGGTGACTGTCCGCAAGCTTC,,,,,,,,,1234799,,,,,,,
CATATGCTGTTTCAAACGTCAAATTCTAAAA,,,499565.0,,,,,499565.0,1896266,,,,,,499565.0,499565.0
GCATGTCATTGCTGATGCAGCCTATGATGCC,,,,,,,,,1234860,,,,,,,
AACCGATTATTTGTCGACGCCATCTTGTGGA,,,,,,,,,1234463,,,,,,,
ATGAAGGCCCTTAAGTGATCGGCATCATAGG,,,,,,,,,1234880,,,,,,,
GAAATTCTGATTCAAGGTTGTTAAAGGAGAA,,,,57.0,,,,,1234188,,,,,,57.0,
ATACGACGATAGCGTTTCAACTTGTTAAAAA,,,,,,,,,1287169,,,,,,,
CCTTGAGATTGCTGGCAATGAAGGCCCTTAA,,,,,,,,,1234897,,,,,,,
ATTTTCGAGCCAAAAGTGTGAAACGCCTACG,417140.0,,484106.0,69637.0,,417140.0,,484106.0,1880827,,,,,417140.0,69637.0,484106.0
CATTTGCCGAAGGTCGCAGGCAGATCGCGCC,,,,,,,,,1234515,,,,,,,
GATGCAGGCAGCTTCAGCCCCCCTTTTGCGC,,,,,,,,,1234686,,,,,,,
ATCTGCCTGCGACCTTCGGCAAATGGACAGC,,,,,,,,,1234521,,,,,,,
GTACCAACTCGCCCCGGAAGATATGCTTCGA,,,,,,,,,1109643,,,,,,,
CCGAAGGGACGCGGTGTATTTTGCTTCTGAA,401380.0,,,54599.0,,401380.0,,,407009,,,,,401380.0,54599.0,
CCTTACAGATGAGCAATGGAACCGGATCGAA,,,,,,,,,1109617,,,,,,,
CAAAACCGTTTCACGCTTTTGCTGGAAATGC,421441.0,,115360.0,73938.0,,421441.0,,115360.0,1512694,,,,,421441.0,73938.0,115360.0
AATGCGACAAAACAAATAGTTAGAGCGGTTC,480534.0,,499468.0,,,480534.0,,499468.0,1896169,,,,,480534.0,499468.0,499468.0
AACATTGACCGCATTCATGGGTTTCGTCCAT,,,,,,,,,1287218,,,,,,,
GACCTTCGGCAAATGGACAGCGGTTCATGCC,,,,,,,,,1234531,,,,,,,
CAGTGGACTGATTTCCCCGCGTAGGCGCTTC,276614.0,,246775.0,,,276614.0,,246775.0,1644579,,,,,276614.0,246775.0,246775.0
AGCATATCTTCCGGGGCGAGTTGGTACGCCC,,,,,,,,,1234414,,,,,,,
ACAAAACAAATAGTTAGAGCGGTTCCGGCGA,236611.0,,499474.0,,,236611.0,,499474.0,1896175,,,,,236611.0,499474.0,499474.0
AGCCTTCTATCCGGCTTGAAGGGTGTGGGGC,,,,,,,,,1234831,,,,,,,
ATCTCCACAAGGGCGTTTCGACACATTCAGA,82731.0,,,,,82731.0,,,740260,,,,,82731.0,,
CCCATACACCGGCGTGCGACCATCGCCGAAA,,,,,,,,,1234565,,,,,,,
CATTGCCAGCAATCTCAAGGCAACGGCTCAG,,,,,,,,,1234908,,,,,,,
GAATAAAGCCAACACCCGGCCATTATGGTGA,,,,,,,,,1234784,,,,,,,
CGCATTATCCGACGCATCGAAGCGGGATCAG,,,429130.0,,,,,429130.0,1826005,,,,,,429130.0,429130.0
AAAATCTTCAGCTTTAGGAGCGAAACCGAAG,82616.0,,,,,82616.0,,,740375,,,,,82616.0,,
GGCGTCGATAACCGATTATTTGTCGACGCCA,,,,,,,,,1234454,,,,,,,
CGTTTCACACTTTTGGCTCGAAAATGCTCTA,417134.0,,484100.0,69631.0,,417134.0,,484100.0,1880821,,,,,417134.0,69631.0,484100.0
AACACCCGGCCATTATGGTGACTGTCCGCAA,,,,,,,,,1234794,,,,,,,
GAGGCTGTACAAGGAACGCCATCAGATTGAA,,,,,,,,,1234983,,,,,,,
ATGCCCGCTTTCGGCGATGGTCGCACGCCGG,,,,,,,,,1234557,,,,,,,
AGATATGCTTCGATCCGGTTCCATTGCTCAT,,,,,,,,,1109625,,,,,,,
GACCAAGCTGCATGCTGTTGTCGATGCTATC,,,,,,,,,1234740,,,,,,,
ACTGGACTGATTTCTGATCCCGCTTCGATAC,417186.0,,,69683.0,,417186.0,,,1314023,,,,,417186.0,69683.0,
ATCGCCGGAACCGCTCTAACTATTTGTTTTG,236612.0,,499475.0,,,236612.0,,499475.0,1896176,,,,,236612.0,499475.0,499475.0
ATCAGATTGAATGCTTTTTTAACAAGTTGAA,,,,,,,,,1287154,,,,,,,
CGGCGATGGTCGCACGCCGGTGTATGGGAAA,,,,,,,,,1234568,,,,,,,
AGCCTATGATGCCGATCACTTAAGGGCCTTC,,,,,,,,,1234878,,,,,,,
AAGCATTCAATCTGATGGCGTTCCTTGTACA,,,,,,,,,1234988,,,,,,,
ATATCTTCCGGGGCGAGTTGGTACGCCCGGC,,,,,,,,,1234417,,,,,,,
AGGGCAGTAGGGCAGTAGGGCAGTGAAGAAT,376245.0,,344616.0,31206.0,,376245.0,,344616.0,1742391,,,,,376245.0,31206.0,344616.0
GAAAAGCCTTTCCCATACACCGGCGTGCGAC,,,,,,,,,1234576,,,,,,,
CTTTGAATATGTCCTCATTGATAGCACCATA,,,,,,,,,1234630,,,,,,,
GCTCCTAAAGCTGAAGATTTTTTGCCCATAC,401281.0,,,54500.0,,401281.0,,,740385,,,,,401281.0,54500.0,
CATGTCATTGCTGATGCAGCCTATGATGCCG,,,,,,,,,1234861,,,,,,,
GACTGGAGGCTGTACAAGGAACGCCATCAGA,,,,,,,,,1234978,,,,,,,
GTTATCGACGCCACTGCGGCCGGGCGTACCA,,,,,,,,,1234435,,,,,,,
AATGCTTTTTTAACAAGTTGAAACGCTATCG,,,,,,,,,1287163,,,,,,,
GGTATTTTGTTGCTGAACAGGAGAAACGACC,3925.0,,,,,3925.0,,,740217,,,,,3925.0,,
CACTGCCCTACTGCCCTACTGCCCTACTGCC,400372.0,,344610.0,53575.0,,400372.0,,344610.0,1742385,,,,,400372.0,53575.0,344610.0
TACATATGCTGTTTCAAACGTCAAATTCTAA,,,190309.0,,,,,190309.0,1588122,,,,,,190309.0,190309.0
CATATCGAAAGTCCACGCAGATGCGGCGGGC,,,,,,,,,1234657,,,,,,,
AGCCTTACAGATGAGCAATGGAACCGGATCG,,,,,,,,,1109615,,,,,,,
CTGCATGCTGTTGTCGATGCTATCGGCCTAC,,,,,,,,,1234747,,,,,,,
TAAGGCAGTATGTTAAGGGAATAGGGGAATA,400288.0,,344694.0,53491.0,,400288.0,,344694.0,1742469,,,,,400288.0,53491.0,344694.0
GAAACGCTATCGTCGTATTGCGCTGCGATGC,,,,,,,,,1287182,,,,,,,
ACGCCATCTTGTGGATGGCTGCCAATGCAGC,,,,,,,,,1234479,,,,,,,
GGATTCCCTTTTGTACGAAATTCTGATTCAA,,,,73.0,,,,,1234172,,,,,,73.0,
GCGTGTCTGCATTCAACGCAACCAGATCATA,,,,,,,,,1287260,,,,,,,
GGTCAATCCAACACGTTCCAGTGTCCCAACA,,,,,,,,,1234944,,,,,,,
AAATACACCGCGTCCCTTCGGGATATGGCAA,401370.0,,,54589.0,,401370.0,,,406999,,,,,401370.0,54589.0,
CACTTAAGGGCCTTCATTGCCAGCAATCTCA,,,,,,,,,1234894,,,,,,,
CCGCTTTCGGCGATGGTCGCACGCCGGTGTA,,,,,,,,,1234561,,,,,,,
ACGAAGCCCATGAATGCGGTCAATGTTTTCT,,,,,,,,,1235063,,,,,,,
CATCAGATTGAATGCTTTTTTAACAAGTTGA,,,,,,,,,1287153,,,,,,,
CGATATGGTGCTATCAATGAGGACATATTCA,,,,,,,,,1234633,,,,,,,
CGACGATAGCGTTTCAACTTGTTAAAAAAGC,,,,,,,,,1287166,,,,,,,
ATCGCGCCAGTGCGCTGCATTGGCAGCCATC,,,,,,,,,1234492,,,,,,,
AAACCCCTCGATTTTTGGCAGCAGTCAAAAA,237106.0,,,,,237106.0,,,1153081,,,,,237106.0,,
CACGGCTGTTCTCCTTTAACAACCTTGAATC,,,,49.0,,,,,1234196,,,,,,49.0,
CGGAACCGCTCTAACTATTTGTTTTGTCGCA,480536.0,,499470.0,,,480536.0,,499470.0,1896171,,,,,480536.0,499470.0,499470.0
AACCGGATCGAAGCATATCTTCCGGGGCGAG,,,,,,,,,1109636,,,,,,,
GGCCGGGCGTACCAACTCGCCCCGGAAGATA,,,,,,,,,1234418,,,,,,,
AAACAAATAGTTAGAGCGGTTCCGGCGATTC,236614.0,,499477.0,,,236614.0,,499477.0,1896178,,,,,236614.0,499477.0,499477.0
ATCAGAATTTCGTACAAAAGGGAATCCTTGA,,,,,,,,,1035723,,,,,,,
GCGAGATGGACGAAGCCCATGAATGCGGTCA,,,,,,,,,1235072,,,,,,,
ACACCGGCGTGCGACCATCGCCGAAAGCGGG,,,,,,,,,1234560,,,,,,,
CCACTGCGGCCGGGCGTACCAACTCGCCCCG,,,,,,,,,1234425,,,,,,,
ATATTCTTCACTGCCCTACTGCCCTACTGCC,376243.0,,344618.0,31204.0,,376243.0,,344618.0,1742393,,,,,376243.0,31204.0,344618.0
ATGGACAGCGGTTCATGCCCGCTTTCGGCGA,,,,,,,,,1234543,,,,,,,
GATTCCAACATTTGCATCCCTCGGTTCAAGC,,,499652.0,,,,,499652.0,1896353,,,,,,499652.0,499652.0
AATCAGAATTTCGTACAAAAGGGAATCCTTG,,,,76.0,,,,,1234169,,,,,,76.0,
ATAACCGATTATTTGTCGACGCCATCTTGTG,,,,,,,,,1234461,,,,,,,
CGACACATTCAGAAGCAAAATACACCGCGTC,401387.0,,,54606.0,,401387.0,,,407016,,,,,401387.0,54606.0,
AATGTTTTCTCGCATCGCAGCGCAATACGAC,,,,,,,,,1287193,,,,,,,
AAGTGTGAAACGGTTTTGCGTTGGAAAATGC,214715.0,,179441.0,,,214715.0,,179441.0,1577496,,,,,214715.0,179441.0,179441.0
CGACTGGAGGCTGTACAAGGAACGCCATCAG,,,,,,,,,1234977,,,,,,,
CACAAAGACCACTAGTAAGTATATGTATCTA,,,499602.0,,,,,499602.0,1896303,,,,,,499602.0,499602.0
ATGCGACAAAACAAATAGTTAGAGCGGTTCC,480535.0,,499469.0,,,480535.0,,499469.0,1896170,,,,,480535.0,499469.0,499469.0
CTCTAACTATTTGTTTTGTCGCATTTTCCAA,236599.0,,,,,236599.0,,,1084936,,,,,236599.0,,
GCATCAGCAATGACATGCCCCACACCCTTCA,,,,,,,,,1234847,,,,,,,
CATTATGGTGACTGTCCGCAAGCTTCAAGCC,,,,,,,,,1234804,,,,,,,
CGAAAGCGGGCATGAACCGCTGTCCATTTGC,,,,,,,,,1234539,,,,,,,
GCGTTTCGACACATTCAGAAGCAAAATACAC,82719.0,,,,,82719.0,,,740272,,,,,82719.0,,
AGCGCATGCGAGATGGACGAAACCCATGAAT,,,,,,,,,1287230,,,,,,,
GGGCGCAAAAGGGGGGCTGAAGCTGCCTGCA,,,,,,,,,1234684,,,,,,,
CACCGGCGTGCGACCATCGCCGAAAGCGGGC,,,,,,,,,1234559,,,,,,,
AAGATGGAGGTTTTTTGCCATATCCCGAAGG,82682.0,,,,,82682.0,,,740309,,,,,82682.0,,
ACCGCATTCATGGGCTTCGTCCATCTCGCAT,,,,,,,,,1235074,,,,,,,
AAATGTTGGAATCACAAAGACCACTAGTAAG,,,499614.0,,,,,499614.0,1896315,,,,,,499614.0,499614.0
ACGCAACCAGATCATAGCGCATGCGAGATGG,,,,,,,,,1287245,,,,,,,
GCGCGAGCGACCGATGCAGGCAGCTTCAGCC,,,,,,,,,1234698,,,,,,,
CACCGCGCGAGCGACCGATGCAGGCAGCTTC,,,,,,,,,1234702,,,,,,,
AAGGATTCCCTTTTGTACGAAATTCTGATTC,,,,75.0,,,,,1234170,,,,,,75.0,
CACGCCGGTGTATGGGAAAGGCTTTTCCATG,,,,,,,,,1234580,,,,,,,
ACAGAATCGCCGGAACCGCTCTAACTATTTG,236617.0,,499480.0,,,236617.0,,499480.0,1896181,,,,,236617.0,499480.0,499480.0
ACACATTCAGAAGCAAAATACACCGCGTCCC,401385.0,,,54604.0,,401385.0,,,407014,,,,,401385.0,54604.0,
CGCTATGATCTGGTTGCGTTGAATGCAGACA,,,,,,,,,1287257,,,,,,,
CCAGCAAAAGTGCGAAGCGGTTTTGCGTAGG,,,219901.0,,,,,219901.0,1617714,,,,,,219901.0,219901.0
AAGTGTGAAACGCCTACGCGGGGAAATCAGT,417153.0,,484119.0,69650.0,,417153.0,,484119.0,1880840,,,,,417153.0,69650.0,484119.0
CGGCGGGCGCAAAAGGGGGGCTGAAGCTGCC,,,,,,,,,1234680,,,,,,,
AACAAATAGTTAGAGCGGTTCCGGCGATTCT,236615.0,,499478.0,,,236615.0,,499478.0,1896179,,,,,236615.0,499478.0,499478.0
TGCTATCGGCCTACCGCTGCGAATAAAGCCA,,,,,,,,,1234764,,,,,,,
ACGCCGGTGTATGGGAAAGGCTTTTCCATGC,,,,,,,,,1234581,,,,,,,
GGCTGCATCAGCAATGACATGCCCCACACCC,,,,,,,,,1234851,,,,,,,
AATCACAAAGACCACTAGTAAGTATATGTAT,,,499605.0,,,,,499605.0,1896306,,,,,,499605.0,499605.0
CGGCTGTTCTCCTTTAACAACCTTGAATCAG,,,,51.0,,,,,1234194,,,,,,51.0,
TAAGGGAGTAAGGGAGTAAGGGAGTAAGGGA,,,,,,,,,1077664,,,,,,,
CCGCGTAGGCGTTTCACACTTTTGGCTCGAA,417143.0,,484109.0,69640.0,,417143.0,,484109.0,1880830,,,,,417143.0,69640.0,484109.0
AAACATACTCCCCTACTCCCTTATTCCCCTA,376187.0,,344673.0,31149.0,,376187.0,,344673.0,1742448,,,,,376187.0,31149.0,344673.0
CAAATGGACAGCGGTTCATGCCCGCTTTCGG,,,,,,,,,1234540,,,,,,,
CGATGCTATCGGCCTACCGCTGCGAATAAAG,,,,,,,,,1234761,,,,,,,
CTCGCATGCGCTATGATCTGGTTGCGTTGAA,,,,,,,,,1287249,,,,,,,
AGGTCGCAGGCAGATCGCGCCAGTGCGCTGC,,,,,,,,,1234505,,,,,,,
ACGTAACCAGATCATAGCGCATGCGAGATGG,,,,,,,,,1235094,,,,,,,
ATTCTAAAAATCCACTAGATACATATACTTA,,,190285.0,,,,,190285.0,1588098,,,,,,190285.0,190285.0
CTGGCTGATACGCCGGACTTTGAATATGTCC,,,,,,,,,1234613,,,,,,,
CGCCGGTGTATGGGAAAGGCTTTTCCATGCC,,,,,,,,,1234582,,,,,,,
CGCATGCGAGATGGACGAAGCCCATGAATGC,,,,,,,,,1235077,,,,,,,
CAATCCACCGCGCGAGCGACCGATGCAGGCA,,,,,,,,,1234707,,,,,,,
ATCTCGCATGCGCTATGATCTGGTTGCGTTG,,,,,,,,,1287247,,,,,,,
AACGTCAAATTCTAAAAATCCACTAGATACA,,,190293.0,,,,,190293.0,1588106,,,,,,190293.0,190293.0
CGCCGGACTTTGAATATGTCCTCATTGATAG,,,,,,,,,1234623,,,,,,,
AACTCGCCCCGGAAGATATGCTTCGATCCGG,,,,,,,,,1109638,,,,,,,
CATATACTTACTAGTGGTCTTTGTGATTCCA,,,499608.0,,,,,499608.0,1896309,,,,,,499608.0,499608.0
GAACAGCCGTGAGCAGACGAAGCCTTACAGA,,,,,,,,,1109595,,,,,,,
GAAAGCGGGCATGAACCGCTGTCCATTTGCC,,,,,,,,,1234538,,,,,,,
CAGCATGCAGCTTGGTCGTCAATCCACCGCG,,,,,,,,,1234726,,,,,,,
ATCTCAAGGCAACGGCTCAGATCAAGGTCAA,,,,,,,,,1234919,,,,,,,
ACACTGGAACGTGTTGGATTGACCTTGATCT,,,,,,,,,1234937,,,,,,,
AATGGCCGGGTGTTGGCTTTATTCGCAGCGG,,,,,,,,,1234777,,,,,,,
CAATGCAGCGCACTGGCGCGATCTGCCTGCG,,,,,,,,,1234501,,,,,,,
ATCTGAGCCGTTGCCTTGAGATTGCTGGCAA,,,,,,,,,1234910,,,,,,,
GCGTGCGACCATCGCCGAAAGCGGGCATGAA,,,,,,,,,1234554,,,,,,,
CCAGATCATAGCGCATGCGAGATGGACGAAG,,,,,,,,,1235088,,,,,,,
CGAGATGGACGAAGCCCATGAATGCGGTCAA,,,,,,,,,1235071,,,,,,,
ACGCAGATGCGGCGGGCGCAAAAGGGGGGCT,,,,,,,,,1234671,,,,,,,
GATTGAATGCTTTTTTAACAAGTTGAAACGC,,,,,,,,,1287158,,,,,,,
CACCCGGCCATTATGGTGACTGTCCGCAAGC,,,,,,,,,1234796,,,,,,,
GAGAACAGCCGTGAGCAGACGAAGCCTTACA,,,,31.0,,,,,1109593,,,,,,31.0,
CTTGAATCAGAATTTCGTACAAAAGGGAATC,,,,72.0,,,,,1234173,,,,,,72.0,
ATAGGCTGCATCAGCAATGACATGCCCCACA,,,,,,,,,1234854,,,,,,,
CCATGCCCTGGCTGATACGCCGGACTTTGAA,,,,,,,,,1234606,,,,,,,
GAAATCAGTCCAGTGGACTGATTTCCCCGCA,,,,,,,,,1769066,,,,,,,
GTCGATGCTATCGGCCTACCGCTGCGAATAA,,,,,,,,,1234759,,,,,,,
AGGCAGATCGCGCCAGTGCGCTGCATTGGCA,,,,,,,,,1234498,,,,,,,
GACGCCACTGCGGCCGGGCGTACCAACTCGC,,,,,,,,,1234429,,,,,,,
GGGCAAAAAATCTTCAGCTTTAGGAGCGAAA,401285.0,,,54504.0,,401285.0,,,740381,,,,,401285.0,54504.0,
CGATGCAGGCAGCTTCAGCCCCCCTTTTGCG,,,,,,,,,1234687,,,,,,,
AGCGCCTACGCGGGGAAATCAGTCCACTGGA,276616.0,,246777.0,,,276616.0,,246777.0,1644581,,,,,276616.0,246777.0,246777.0
ACGCTTGAACCGAGGGATGCAAATGTTGGAA,,,499650.0,,,,,499650.0,1896351,,,,,,499650.0,499650.0
GAATGCTTTTTTAACAAGTTGAAACGCTATC,,,,,,,,,1287162,,,,,,,
GCCAAAAGTGCGAAGCGCCTACGCGGGGAAA,,,246764.0,,,,,246764.0,1644568,,,,,,246764.0,246764.0
ACGGTTTTGCGTTGGAAAATGCGACAAAACA,421419.0,,294964.0,73916.0,,421419.0,,294964.0,1692731,,,,,421419.0,73916.0,294964.0
ATTCCAACATTTGCATCCCTCGGTTCAAGCG,,,499651.0,,,,,499651.0,1896352,,,,,,499651.0,499651.0
TTATCGACGCCACTGCGGCCGGGCGTACCAA,,,,,,,,,1234434,,,,,,,
TAGCGCATGCGAGATGGACGAAGCCCATGAA,,,,,,,,,1235080,,,,,,,
GTCTGCATTCAAGGATTCCCTTTTGTACGAA,,,,,,,,,1035715,,,,,,,
AAATAGTTAGAGCGGTTCCGGCGATTCTGTT,236618.0,,499481.0,,,236618.0,,499481.0,1896182,,,,,236618.0,499481.0,499481.0
CTGTTCAGCAACAAAATACCCTCGCGCCAAA,82784.0,,,,,82784.0,,,740206,,,,,82784.0,,
CCAGTGCGCTGCATTGGCAGCCATCCACAAG,,,,,,,,,1234486,,,,,,,
AGCAATGGAACCGGATCGAAGCATATCTTCC,,,,,,,,,1109628,,,,,,,
CGACGCCACTGCGGCCGGGCGTACCAACTCG,,,,,,,,,1234430,,,,,,,
ATGTTAAGGGAATAGGGGAATAAGGGAGTAG,376175.0,,344685.0,31137.0,,376175.0,,344685.0,1742460,,,,,376175.0,31137.0,344685.0
CAGCCAGGGCATGGAAAAGCCTTTCCCATAC,,,,,,,,,1234589,,,,,,,
AAGCCTTACAGATGAGCAATGGAACCGGATC,,,,,,,,,1109614,,,,,,,
AGGACATATTCAAAGTCCGGCGTATCAGCCA,,,,,,,,,1234614,,,,,,,
ATTCCCTTTTGTACGAAATTCTGATTCAAGG,,,,71.0,,,,,1234174,,,,,,71.0,
TGGACTGATTTCCCCGCGTAGGCGTTTCACA,417156.0,,484122.0,69653.0,,417156.0,,484122.0,1880843,,,,,417156.0,69653.0,484122.0
ATCTAGTGGATTTTTAGAATTTGACGTTTGA,,,190296.0,,,,,190296.0,1588109,,,,,,190296.0,190296.0
CCACAAGATGGCGTCGACAAATAATCGGTTA,,,,,,,,,1234462,,,,,,,
AGGCAGTATGTTAAGGGAATAGGGGAATAAG,400290.0,,344692.0,53493.0,,400290.0,,344692.0,1742467,,,,,400290.0,53493.0,344692.0
GCATGCGCTATGATCTGGTTGCGTTGAATGC,,,,,,,,,1287252,,,,,,,
AATACACCGCGTCCCTTCGGGATATGGCAAA,401369.0,,,54588.0,,401369.0,,,406998,,,,,401369.0,54588.0,
ATATGTATCTAGTGGATTTTTAGAATTTGAC,,,190290.0,,,,,190290.0,1588103,,,,,,190290.0,190290.0
CGTCAATCCACCGCGCGAGCGACCGATGCAG,,,,,,,,,1234710,,,,,,,
CACGCAGATGCGGCGGGCGCAAAAGGGGGGC,,,,,,,,,1234670,,,,,,,
GCGTAGGCGTTTCACACTTTTGGCTCGAAAA,417141.0,,484107.0,69638.0,,417141.0,,484107.0,1880828,,,,,417141.0,69638.0,484107.0
CGCTCTAACTATTTGTTTTGTCGCATTATCC,480530.0,,170296.0,,,480530.0,,170296.0,1568371,,,,,480530.0,170296.0,170296.0
TAGCGTTTCAACTTGTTAAAAAAGCATTCAA,,,,,,,,,1287160,,,,,,,
TACTCCCTTATTCCCCTATTCCCTTAACATA,376174.0,,344686.0,31136.0,,376174.0,,344686.0,1742461,,,,,376174.0,31136.0,344686.0
CGGGATTCAAACGTCAAATTCAATCCACTAG,,,29351.0,,,,,29351.0,1588158,,,,,,29351.0,29351.0
ACAAAAGGGAATCCTTGAATGCAGACAGGCC,,,,,,,,,1035710,,,,,,,
CGCATCGAAGCGGGATCAGAAATCAGTCCAG,276642.0,,180676.0,,,276642.0,,180676.0,1578731,,,,,276642.0,180676.0,180676.0
CTTACTCCCTTACTCCCTTACTCCCTTACTC,,,,,,,,,1077659,,,,,,,
CAAGATGGCGTCGACAAATAATCGGTTATCG,,,,,,,,,1234459,,,,,,,
GATCACTTAAGGGCCTTCATTGCCAGCAATC,,,,,,,,,1234891,,,,,,,
AGCCGTTGCCTTGAGATTGCTGGCAATGAAG,,,,,,,,,1234905,,,,,,,
GTGTCCCAACAATCGACTGGAGGCTGTACAA,,,,,,,,,1234964,,,,,,,
CAACATTTGCATCCCTCGGTTCAAGCGTTGA,,,,,,,,,1110494,,,,,,,
TAGGGCAGTAAGGCAGTATGTTAAGGGAATA,,,344702.0,31120.0,,,,344702.0,1742477,,,,,,31120.0,344702.0
AGCCATCCACAAGATGGCGTCGACAAATAAT,,,,,,,,,1234468,,,,,,,
ACCAAGCTGCATGCTGTTGTCGATGCTATCG,,,,,,,,,1234741,,,,,,,
CATGCCCGCTTTCGGCGATGGTCGCACGCCG,,,,,,,,,1234556,,,,,,,
CAATGAAGGCCCTTAAGTGATCGGCATCATA,,,,,,,,,1234882,,,,,,,
ACACCCGGCCATTATGGTGACTGTCCGCAAG,,,,,,,,,1234795,,,,,,,
CAGATCATAGCGCATGCGAGATGGACGAAGC,,,,,,,,,1235087,,,,,,,
GGCGTCGACAAATAATCGGTTATCGACGCCA,,,,,,,,,1234453,,,,,,,
CCCCACCTTCGGTTTCGCTCCTAAAGCTGAA,82622.0,,,,,82622.0,,,740369,,,,,82622.0,,
GCATTATCCGACGCATCGAAGCGGGATCAGA,,,429131.0,,,,,429131.0,1826006,,,,,,429131.0,429131.0
CATTCAGAAGCAAAATACACCGCGTCCCTTC,401382.0,,,54601.0,,401382.0,,,407011,,,,,401382.0,54601.0,
ATGGGCAAAAAATCTTCAGCTTTAGGAGCGA,401283.0,,,54502.0,,401283.0,,,740383,,,,,401283.0,54502.0,
AGCACCATATCGAAAGTCCACGCAGATGCGG,,,,,,,,,1234652,,,,,,,
GGCAATGAAGGCCCTTAAGTGATCGGCATCA,,,,,,,,,1234884,,,,,,,
AGTTGAAACGCTATCGTCGTATTGCGCTGCG,,,,,,,,,1287178,,,,,,,
GCAAAAGTGCGAAGCGGTTTTGCGTAGGATA,,,219904.0,,,,,219904.0,1617717,,,,,,219904.0,219904.0
CGGTGTATTTTGCTTCTGAATGTGTCGAAAC,82717.0,,,,,82717.0,,,88262,,,,,82717.0,,
CCGGAACCGCTCTAACTATTTGTTTTGTCGC,480537.0,,499471.0,,,480537.0,,499471.0,1896172,,,,,480537.0,499471.0,499471.0
ACCGCTCTAACTATTTGTTTTGTCGCATTAT,480532.0,,170294.0,,,480532.0,,170294.0,1568369,,,,,480532.0,170294.0,170294.0
AATCCACTAGATACATATACTTACTAGTGGT,,,190277.0,,,,,190277.0,1588090,,,,,,190277.0,190277.0
AGGGCGTGTCTGCATTCAACGCAACCAGATC,,,,,,,,,1287263,,,,,,,
GAAGCATATCTTCCGGGGCGAGTTGGTACGC,,,,,,,,,1109645,,,,,,,
GCTGATACGCCGGACTTTGAATATGTCCTCA,,,,,,,,,1234616,,,,,,,
AGGCAGCTTCAGCCCCCCTTTTGCGCCCGCC,,,,,,,,,1234681,,,,,,,
CATTGCTCATCTGTAAGGCTTCGTCTGCTCA,,,,116783.0,,,,,1109604,,,,,,116783.0,
AAAATCCACTAGATACATATACTTACTAGTG,,,190279.0,,,,,190279.0,1588092,,,,,,190279.0,190279.0
AGAATTTGACGTTTGAAACAGCATATGTAAC,,,190311.0,,,,,190311.0,1588124,,,,,,190311.0,190311.0
CACTGGACTGATTTCTGATCCCGCTTCGATA,417185.0,,,69682.0,,417185.0,,,1314022,,,,,417185.0,69682.0,
CGAAGCCCATGAATGCGGTCAATGTTTTCTC,,,,,,,,,1235062,,,,,,,
GGAAAAGCCTTTCCCATACACCGGCGTGCGA,,,,,,,,,1234577,,,,,,,
CATATTCAAAGTCCGGCGTATCAGCCAGGGC,,,,,,,,,1234610,,,,,,,
CCAATGCAGCGCACTGGCGCGATCTGCCTGC,,,,,,,,,1234500,,,,,,,
AGATGGACGAAACCCATGAATGCGGTCAATG,,,,,,,,,1287220,,,,,,,
TCTGCATTCAACGCAACCAGATCATAGCGCA,,,,,,,,,1287255,,,,,,,
ACTCCCTTACTCCCTTACTCCCTTACTCCCT,,,,,,,,,1077662,,,,,,,
ATTGACCTTGATCTGAGCCGTTGCCTTGAGA,,,,,,,,,1234920,,,,,,,
CGAAGCGGTTTTGCGTCGGATAATGCGACAA,259311.0,,237427.0,,,259311.0,,237427.0,1635232,,,,,259311.0,237427.0,237427.0
AACTATTTGTTTTGTCGCATTTTCCAACGCA,236595.0,,,,,236595.0,,,1084932,,,,,236595.0,,
TAAGTGATCGGCATCATAGGCTGCATCAGCA,,,,,,,,,1234869,,,,,,,
AGAATTTCGTACAAAAGGGAATCCTTGAATG,,,,,,,,,1035720,,,,,,,
ATACACCGGCGTGCGACCATCGCCGAAAGCG,,,,,,,,,1234562,,,,,,,
CGTCAAATTCTAAAAATCCACTAGATACATA,,,190291.0,,,,,190291.0,1588104,,,,,,190291.0,190291.0
CATTCATGGGCTTCGTCCATCTCGCATGCGC,,,,,,,,,1235078,,,,,,,
ATGACATGCCCCACACCCTTCAAGCCGGATA,,,,,,,,,1234838,,,,,,,
ATTCGCAGCGGTAGGCCGATAGCATCGACAA,,,,,,,,,1234757,,,,,,,
AGATGGAGGTTTTTTGCCATATCCCGAAGGG,82683.0,,,,,82683.0,,,740308,,,,,82683.0,,
GAGCATTTTCGAGCCAAAAGTGCGAAGCGCC,,,371297.0,,,,,371297.0,1769033,,,,,,371297.0,371297.0
AAAGCATTCAATCTGATGGCGTTCCTTGTAC,,,,,,,,,1234989,,,,,,,
CCAGGGCATGGAAAAGCCTTTCCCATACACC,,,,,,,,,1234586,,,,,,,
AGGCTGTACAAGGAACGCCATCAGATTGAAT,,,,,,,,,1234984,,,,,,,
AACCCCTCGATTTTTGGCAGCAGTCAAAAAC,237107.0,,,,,237107.0,,,1153082,,,,,237107.0,,
ATTCAGAAGCAAAATACACCGCGTCCCTTCG,401381.0,,,54600.0,,401381.0,,,407010,,,,,401381.0,54600.0,
CGCACGCCGGTGTATGGGAAAGGCTTTTCCA,,,,,,,,,1234578,,,,,,,
GCTCACGGCTGTTCTCCTTTAACAACCTTGA,,,,46.0,,,,,1234199,,,,,,46.0,
CGAGAAAACATTGACCGCATTCATGGGTTTC,,,,,,,,,1287212,,,,,,,
AGATGGACGAAGCCCATGAATGCGGTCAATG,,,,,,,,,1235069,,,,,,,
AAGCCTTTCCCATACACCGGCGTGCGACCAT,,,,,,,,,1234573,,,,,,,
CGCGTAGGCGCTTCGCACTTTTGGCTCGAAA,,,246758.0,,,,,246758.0,1644562,,,,,,246758.0,246758.0
AAGCCCATGAATGCGGTCAATGTTTTCTCGC,,,,,,,,,1235060,,,,,,,
CTTCGTCTGCTCACGGCTGTTCTCCTTTAAC,,,,38.0,,,,,1234207,,,,,,38.0,
ATCGACAACAGCATGCAGCTTGGTCGTCAAT,,,,,,,,,1234734,,,,,,,
TCCTCATTGATAGCACCATATCGAAAGTCCA,,,,,,,,,1234641,,,,,,,
CAGTAGGGCAGTGAAGAATATGGTCGCTGCG,376233.0,,344628.0,31194.0,,376233.0,,344628.0,1742403,,,,,376233.0,31194.0,344628.0
GCCTTGAGATTGCTGGCAATGAAGGCCCTTA,,,,,,,,,1234898,,,,,,,
CGCAAGCTTCAAGCCTTCTATCCGGCTTGAA,,,,,,,,,1234820,,,,,,,
CCAACACCCGGCCATTATGGTGACTGTCCGC,,,,,,,,,1234792,,,,,,,
GCATTCAATCTGATGGCGTTCCTTGTACAGC,,,,,,,,,1234986,,,,,,,
TCCCATACACCGGCGTGCGACCATCGCCGAA,,,,,,,,,1234566,,,,,,,
CGGCCATTATGGTGACTGTCCGCAAGCTTCA,,,,,,,,,1234800,,,,,,,
ACGTCAAATTCTAAAAATCCACTAGATACAT,,,190292.0,,,,,190292.0,1588105,,,,,,190292.0,190292.0
GACACTGGAACGTGTTGGATTGACCTTGATC,,,,,,,,,1234938,,,,,,,
AAGCCAACACCCGGCCATTATGGTGACTGTC,,,,,,,,,1234789,,,,,,,
AATCTCAAGGCAACGGCTCAGATCAAGGTCA,,,,,,,,,1234918,,,,,,,
CAAGGGCGTTTCGACACATTCAGAAGCAAAA,82724.0,,,,,82724.0,,,740267,,,,,82724.0,,
ACTGGACTGATTTCTGATCCCGCTTCGATGC,276641.0,,371347.0,,,276641.0,,371347.0,1769083,,,,,276641.0,371347.0,371347.0
AAATGGACAGCGGTTCATGCCCGCTTTCGGC,,,,,,,,,1234541,,,,,,,
GTTGCAAATTCGTCAGGCCGTGGCGAAAAGA,22112.0,,461789.0,,,22112.0,,461789.0,1858663,,,,,22112.0,461789.0,461789.0
CATACTCCCCTACTCCCTTATTCCCCTATTC,376184.0,,344676.0,31146.0,,376184.0,,344676.0,1742451,,,,,376184.0,31146.0,344676.0
CGTCCCTTCGGGATATGGCAAAAAACCTCCA,82686.0,,,,,82686.0,,,740305,,,,,82686.0,,
CGCTTCGCACTTTTGGCTCGAAAATGCTCTA,,,371295.0,,,,,371295.0,1769031,,,,,,371295.0,371295.0
AATGACATGCCCCACACCCTTCAAGCCGGAT,,,,,,,,,1234839,,,,,,,
CGTACAAAAGGGAATCCTTGAATGCAGACAG,,,,,,,,,1035713,,,,,,,
GCCAGCAATCTCAAGGCAACGGCTCAGATCA,,,,,,,,,1234912,,,,,,,
ACAAGTTGAAACGCTATCGTCGTATTGCGCT,,,,,,,,,1287175,,,,,,,
AATCGGTTATCGACGCCACTGCGGCCGGGCG,,,,,,,,,1234440,,,,,,,
ACTTTGAATATGTCCTCATTGATAGCACCAT,,,,,,,,,1234629,,,,,,,
CAATCTGATGGCGTTCCTTGTACAGCCTCCA,,,,,,,,,1234981,,,,,,,
ATGCAGCCTATGATGCCGATCACTTAAGGGC,,,,,,,,,1234874,,,,,,,
CATTCATGGGTTTCGTCCATCTCGCATGCGC,,,,,,,,,1287229,,,,,,,
GCCCGGCCGCAGTGGCGTCGATAACCGATTA,,,,,,,,,1234441,,,,,,,
GTCGCATTATCCGACGCAAAACCGCTTCGCA,259313.0,,237425.0,,,259313.0,,237425.0,1635230,,,,,259313.0,237425.0,237425.0
CGCTCGCGCGGTGGATTGACGACCAAGCTGC,,,,,,,,,1234720,,,,,,,
CGACCATATTCTTCACTGCCCTACTGCCCTA,376238.0,,344623.0,31199.0,,376238.0,,344623.0,1742398,,,,,376238.0,31199.0,344623.0
ACGTTCCAGTGTCCCAACAATCGACTGGAGG,,,,,,,,,1234956,,,,,,,
CAGCAATCTCAAGGCAACGGCTCAGATCAAG,,,,,,,,,1234914,,,,,,,
GCCGATCACTTAAGGGCCTTCATTGCCAGCA,,,,,,,,,1234888,,,,,,,
GAACCACCCCACCTTCGGTTTCGCTCCTAAA,82628.0,,,,,82628.0,,,740363,,,,,82628.0,,
ACAAATAGTTAGAGCGGTTCCGGCGATTCTG,236616.0,,499479.0,,,236616.0,,499479.0,1896180,,,,,236616.0,499479.0,499479.0
GAGTTGGTACGCCCGGCCGCAGTGGCGTCGA,,,,,,,,,1234431,,,,,,,
AGGTTTTTTGCCATATCCCGAAGGGACGCGG,82689.0,,,,,82689.0,,,88234,,,,,82689.0,,
GCGCGAGGGTATTTTGTTGCTGAACAGGAGA,3918.0,,,,,3918.0,,,740210,,,,,3918.0,,
CTGCGGCCGGGCGTACCAACTCGCCCCGGAA,,,,,,,,,1234422,,,,,,,
CAATGGAACCGGATCGAAGCATATCTTCCGG,,,,,,,,,1109630,,,,,,,
TCATTGCCAGCAATCTCAAGGCAACGGCTCA,,,,,,,,,1234907,,,,,,,
TGAATGTGTCGAAACGCCCTTGTGGAGATCA,82733.0,,,,,82733.0,,,740258,,,,,82733.0,,
ACCATATCGAAAGTCCACGCAGATGCGGCGG,,,,,,,,,1234655,,,,,,,
AGGCCCTTAAGTGATCGGCATCATAGGCTGC,,,,,,,,,1234876,,,,,,,
GCTGGCAATGAAGGCCCTTAAGTGATCGGCA,,,,,,,,,1234887,,,,,,,
ACTGTCCGCAAGCTTCAAGCCTTCTATCCGG,,,,,,,,,1234814,,,,,,,
ATGGGCTTCGTCCATCTCGCATGCGCTATGA,,,,,,,,,1235083,,,,,,,
CGCATTCATGGGTTTCGTCCATCTCGCATGC,,,,,,,,,1287227,,,,,,,
ACCCCACCTTCGGTTTCGCTCCTAAAGCTGA,82623.0,,,,,82623.0,,,740368,,,,,82623.0,,
CAGTGGCGTCGATAACCGATTATTTGTCGAC,,,,,,,,,1234450,,,,,,,
ATCAAGGTCAATCCAACACGTTCCAGTGTCC,,,,,,,,,1234939,,,,,,,
CTTGTACAGCCTCCAGTCGATTGTTGGGACA,,,,,,,,,1234965,,,,,,,
GACCATATTCTTCACTGCCCTACTGCCCTAC,376239.0,,344622.0,31200.0,,376239.0,,344622.0,1742397,,,,,376239.0,31200.0,344622.0
ATTTTTAGAATTTGACGTTTGAAACAGCATA,,,499567.0,,,,,499567.0,1896268,,,,,,499567.0,499567.0
AAGGGACGCGGTGTATTTTGCTTCTGAATGT,401383.0,,,54602.0,,401383.0,,,407012,,,,,401383.0,54602.0,
CAATACGACGATAGCGTTTCAACTTGTTAAA,,,,,,,,,1287171,,,,,,,
ATGATGCCGATCACTTAAGGGCCTTCATTGC,,,,,,,,,1234883,,,,,,,
AGGAGAACAGCCGTGAGCAGACGAAGCCTTA,,,,33.0,,,,,1234212,,,,,,33.0,
CGGGCGCAAAAGGGGGGCTGAAGCTGCCTGC,,,,,,,,,1234683,,,,,,,
CGAAGGTCGCAGGCAGATCGCGCCAGTGCGC,,,,,,,,,1234508,,,,,,,
CGGTAGGCCGATAGCATCGACAACAGCATGC,,,,,,,,,1234749,,,,,,,
AAAACAAATAGTTAGAGCGGTTCCGGCGATT,236613.0,,499476.0,,,236613.0,,499476.0,1896177,,,,,236613.0,499476.0,499476.0
ACATATTCAAAGTCCGGCGTATCAGCCAGGG,,,,,,,,,1234611,,,,,,,
GCTGATGCAGCCTATGATGCCGATCACTTAA,,,,,,,,,1234870,,,,,,,
CAAATTCGTCAGGCCGTGGCGAAAAGAGTGA,22116.0,,461785.0,,,22116.0,,461785.0,1858659,,,,,22116.0,461785.0,461785.0
GACCGCATTCATGGGTTTCGTCCATCTCGCA,,,,,,,,,1287224,,,,,,,
AACGTGTTGGATTGACCTTGATCTGAGCCGT,,,,,,,,,1234930,,,,,,,
GAAAGGCTTTTCCATGCCCTGGCTGATACGC,,,,,,,,,1234595,,,,,,,
GCTTCTGAATGTGTCGAAACGCCCTTGTGGA,82728.0,,,,,82728.0,,,740263,,,,,82728.0,,
AATGTTGGAATCACAAAGACCACTAGTAAGT,,,499613.0,,,,,499613.0,1896314,,,,,,499613.0,499613.0
ATCGAAAGTCCACGCAGATGCGGCGGGCGCA,,,,,,,,,1234660,,,,,,,
GCTCGCGCGGTGGATTGACGACCAAGCTGCA,,,,,,,,,1234721,,,,,,,
TAGAAGGCTTGAAGCTTGCGGACAGTCACCA,,,,,,,,,1234809,,,,,,,
AAAAAAGCATTCAATCTGATGGCGTTCCTTG,,,,,,,,,1234992,,,,,,,
CCATCGCCGAAAGCGGGCATGAACCGCTGTC,,,,,,,,,1234546,,,,,,,
AGGCAACGGCTCAGATCAAGGTCAATCCAAC,,,,,,,,,1234925,,,,,,,
AAACGTCAAATTCTAAAAATCCACTAGATAC,,,190294.0,,,,,190294.0,1588107,,,,,,190294.0,190294.0
ATGAACCGCTGTCCATTTGCCGAAGGTCGCA,,,,,,,,,1234528,,,,,,,
AACCGTTTCACACTTTTCGGGATGCGCTCTC,385273.0,,,38476.0,,385273.0,,,1812100,,,,,385273.0,38476.0,
AACATACTCCCCTACTCCCTTATTCCCCTAT,376186.0,,344674.0,31148.0,,376186.0,,344674.0,1742449,,,,,376186.0,31148.0,344674.0
GCTTGAAGGGTGTGGGGCATGTCATTGCTGA,,,,,,,,,1234844,,,,,,,
ACTGCGGCCGGGCGTACCAACTCGCCCCGGA,,,,,,,,,1234423,,,,,,,
GATCGGCATCATAGGCTGCATCAGCAATGAC,,,,,,,,,1234864,,,,,,,
ACAAATAATCGGTTATCGACGCCACTGCGGC,,,,,,,,,1234446,,,,,,,
CCTAAAGCTGAAGATTTTTTGCCCATACCAA,401278.0,,,54497.0,,401278.0,,,740388,,,,,401278.0,54497.0,
TCCCAACAATCGACTGGAGGCTGTACAAGGA,,,,,,,,,1234967,,,,,,,
ACCGATTATTTGTCGACGCCATCTTGTGGAT,,,,,,,,,1234464,,,,,,,
AAACGCTATCGTCGTATTGCGCTGCGATGCG,,,,,,,,,1287183,,,,,,,
TCCTAAAGCTGAAGATTTTTTGCCCATACCA,401279.0,,,54498.0,,401279.0,,,740387,,,,,401279.0,54498.0,
AAGTGCGAAGCGGTTTTGCGTAGGATAATGC,,,219908.0,,,,,219908.0,1617721,,,,,,219908.0,219908.0
ACGAAATTCTGATTCAAGGTTGTTAAAGGAG,,,,59.0,,,,,1234186,,,,,,59.0,
ATTTTGTTGCTGAACAGGAGAAACGACCGCC,3928.0,,,,,3928.0,,,740220,,,,,3928.0,,
AGCGCATGCGAGATGGACGAAGCCCATGAAT,,,,,,,,,1235079,,,,,,,
CGACGCCAAGATGGAGGTTTTTTGCCATATC,82675.0,,,,,82675.0,,,740316,,,,,82675.0,,
GCATCGGTCGCTCGCGCGGTGGATTGACGAC,,,,,,,,,1234712,,,,,,,
ATACTCCCCTACTCCCTTATTCCCCTATTCC,376183.0,,344677.0,31145.0,,376183.0,,344677.0,1742452,,,,,376183.0,31145.0,344677.0
CATGCTGTTGTCGATGCTATCGGCCTACCGC,,,,,,,,,1234750,,,,,,,
ATTTGTCGACGCCATCTTGTGGATGGCTGCC,,,,,,,,,1234471,,,,,,,
TCTAGTGGATTTTTAGAATTTGACGTTTGAA,,,190297.0,,,,,190297.0,1588110,,,,,,190297.0,190297.0
AAGGAGAACAGCCGTGAGCAGACGAAGCCTT,,,,34.0,,,,,1234211,,,,,,34.0,
CGTCGATAACCGATTATTTGTCGACGCCATC,,,,,,,,,1234456,,,,,,,
GGCTTCGTCTGCTCACGGCTGTTCTCCTTTA,,,,36.0,,,,,1234209,,,,,,36.0,
CAGCAATGACATGCCCCACACCCTTCAAGCC,,,,,,,,,1234843,,,,,,,
ACCGCGTCCCTTCGGGATATGGCAAAAAACC,82690.0,,,,,82690.0,,,88235,,,,,82690.0,,
ATAGAAGGCTTGAAGCTTGCGGACAGTCACC,,,,,,,,,1234810,,,,,,,
AGACGAAGCCTTACAGATGAGCAATGGAACC,,,,116788.0,,,,,1109609,,,,,,116788.0,
GCAGATGCGGCGGGCGCAAAAGGGGGGCTGA,,,,,,,,,1234673,,,,,,,
CGACGCATCGAAGCGGGATCAGAAATCAGTC,,,429139.0,,,,,429139.0,1826014,,,,,,429139.0,429139.0
CGCGGTGTATTTTGCTTCTGAATGTGTCGAA,401389.0,,,54608.0,,401389.0,,,407018,,,,,401389.0,54608.0,
ACTGGAACGTGTTGGATTGACCTTGATCTGA,,,,,,,,,1234935,,,,,,,
GGCCCTTAAGTGATCGGCATCATAGGCTGCA,,,,,,,,,1234875,,,,,,,
ACAGCGGTTCATGCCCGCTTTCGGCGATGGT,,,,,,,,,1234547,,,,,,,
TCGATGCTATCGGCCTACCGCTGCGAATAAA,,,,,,,,,1234760,,,,,,,
GAGGACATATTCAAAGTCCGGCGTATCAGCC,,,,,,,,,1234615,,,,,,,
CAATGAGGACATATTCAAAGTCCGGCGTATC,,,,,,,,,1234619,,,,,,,
AGCATTTTCGAGCCAAAAGTGCGAAGCGCCT,,,,,,,,,1769034,,,,,,,
GTTGGAAAATGCGACAAAACAAATAGTTAGA,236598.0,,,,,236598.0,,,1084935,,,,,236598.0,,
ACAACAGCATGCAGCTTGGTCGTCAATCCAC,,,,,,,,,1234730,,,,,,,
CCGCGCGAGCGACCGATGCAGGCAGCTTCAG,,,,,,,,,1234700,,,,,,,
CCTGGCTGATACGCCGGACTTTGAATATGTC,,,,,,,,,1234612,,,,,,,
CGGATAGAAGGCTTGAAGCTTGCGGACAGTC,,,,,,,,,1234813,,,,,,,
AGTGGACTGATTTCCCCGCGTAGGCGCTTCG,276613.0,,246774.0,,,276613.0,,246774.0,1644578,,,,,276613.0,246774.0,246774.0
AATACGACGATAGCGTTTCAACTTGTTAAAA,,,,,,,,,1287170,,,,,,,
GAAACGGTTTTGCGTTGGAAAATGCGACAAA,421422.0,,,73919.0,,421422.0,,,1189952,,,,,421422.0,73919.0,
AATGAAGGCCCTTAAGTGATCGGCATCATAG,,,,,,,,,1234881,,,,,,,
ACCGTTTCACACTTTTCGGGATGCGCTCTCA,385272.0,,,38475.0,,385272.0,,,1812099,,,,,385272.0,38475.0,
AACATTGACCGCATTCATGGGCTTCGTCCAT,,,,,,,,,1235067,,,,,,,
GATATGCTTCGATCCGGTTCCATTGCTCATC,,,,,,,,,1109624,,,,,,,
CTTTCGATATGGTGCTATCAATGAGGACATA,,,,,,,,,1234637,,,,,,,
TGCGCTGCGATGCGAGAAAACATTGACCGCA,,,,,,,,,1287200,,,,,,,
GAGCATTTTCGAGCCAAAAGTGTGAAACGCC,417136.0,,484102.0,69633.0,,417136.0,,484102.0,1880823,,,,,417136.0,69633.0,484102.0
CAGGCAGCTTCAGCCCCCCTTTTGCGCCCGC,,,,,,,,,1234682,,,,,,,
CTACCGCTGCGAATAAAGCCAACACCCGGCC,,,,,,,,,1234774,,,,,,,
ACGCCTACGCGGGGAAATCAGTCCACTGGAC,417162.0,,180651.0,69659.0,,417162.0,,180651.0,1578706,,,,,417162.0,69659.0,180651.0
CGTCTGCTCACGGCTGTTCTCCTTTAACAAC,,,,41.0,,,,,1234204,,,,,,41.0,
CAGATGAGCAATGGAACCGGATCGAAGCATA,,,,,,,,,1109622,,,,,,,
CTGATTCCAACATTTGCATCCCTCGGTTCAA,,,499654.0,,,,,499654.0,1896355,,,,,,499654.0,499654.0
CCCCTTTTGCGCCCGCCGCATCTGCGTGGAC,,,,,,,,,1234667,,,,,,,
AACGCTTGAACCGAGGGATGCAAATGTTGGA,,,,,,,,,1110496,,,,,,,
GGCAACGGCTCAGATCAAGGTCAATCCAACA,,,,,,,,,1234926,,,,,,,
GCATTGGCAGCCATCCACAAGATGGCGTCGA,,,,,,,,,1234476,,,,,,,
GCAGCCATCCACAAGATGGCGTCGACAAATA,,,,,,,,,1234470,,,,,,,
AACCGCTTCGCACTTTTGCTGGAAATGCTCT,261615.0,,275252.0,,,261615.0,,275252.0,1672874,,,,,261615.0,275252.0,275252.0
AAAACATACTCCCCTACTCCCTTATTCCCCT,376188.0,,344672.0,31150.0,,376188.0,,344672.0,1742447,,,,,376188.0,31150.0,344672.0
ATCGGCCTACCGCTGCGAATAAAGCCAACAC,,,,,,,,,1234768,,,,,,,
GGTACGCCCGGCCGCAGTGGCGTCGATAACC,,,,,,,,,1234436,,,,,,,
GCATCATAGGCTGCATCAGCAATGACATGCC,,,,,,,,,1234859,,,,,,,
CGAGCGACCGATGCAGGCAGCTTCAGCCCCC,,,,,,,,,1234695,,,,,,,
CTCAGATCAAGGTCAATCCAACACGTTCCAG,,,,,,,,,1234934,,,,,,,
TAGTTAGAGCGGTTCCGGCGATTCTGTTAAA,236621.0,,499484.0,,,236621.0,,499484.0,1896185,,,,,236621.0,499484.0,499484.0
GGGCGTTTCGACACATTCAGAAGCAAAATAC,82721.0,,,,,82721.0,,,740270,,,,,82721.0,,
ATTGACCGCATTCATGGGCTTCGTCCATCTC,,,,,,,,,1235070,,,,,,,
CCTTCATTGCCAGCAATCTCAAGGCAACGGC,,,,,,,,,1234904,,,,,,,
AGGTTGTTAAAGGAGAACAGCCGTGAGCAGA,,,,43.0,,,,,1234202,,,,,,43.0,
GAGCGACCGATGCAGGCAGCTTCAGCCCCCC,,,,,,,,,1234694,,,,,,,
ATGTTTTCTCGCATCGCAGCGCAATACGACG,,,,,,,,,1287192,,,,,,,
CGAAAGTCCACGCAGATGCGGCGGGCGCAAA,,,,,,,,,1234662,,,,,,,
CAGATCATAGCGCATGCGAGATGGACGAAAC,,,,,,,,,1287238,,,,,,,
CGATCTGCCTGCGACCTTCGGCAAATGGACA,,,,,,,,,1234519,,,,,,,
GCCAGTGCGCTGCATTGGCAGCCATCCACAA,,,,,,,,,1234487,,,,,,,
AAAAGTGCGAAGCGCCTACGCGGGGAAATCA,276606.0,,246767.0,,,276606.0,,246767.0,1644571,,,,,276606.0,246767.0,246767.0
ACGACGATAGCGTTTCAACTTGTTAAAAAAG,,,,,,,,,1287167,,,,,,,
AGCAAAATACACCGCGTCCCTTCGGGATATG,401374.0,,,54593.0,,401374.0,,,407003,,,,,401374.0,54593.0,
AATGGAACCGGATCGAAGCATATCTTCCGGG,,,,,,,,,1109631,,,,,,,
GGAACGTGTTGGATTGACCTTGATCTGAGCC,,,,,,,,,1234932,,,,,,,
AAAAATCTTCAGCTTTAGGAGCGAAACCGAA,401290.0,,,54509.0,,401290.0,,,740376,,,,,401290.0,54509.0,
CAACAATCGACTGGAGGCTGTACAAGGAACG,,,,,,,,,1234970,,,,,,,
AATGCAGCGCACTGGCGCGATCTGCCTGCGA,,,,,,,,,1234502,,,,,,,
CGCCAAGATGGAGGTTTTTTGCCATATCCCG,82678.0,,,,,82678.0,,,740313,,,,,82678.0,,
AGTATGTTAAGGGAATAGGGGAATAAGGGAG,400294.0,,344688.0,53497.0,,400294.0,,344688.0,1742463,,,,,400294.0,53497.0,344688.0
CCGGACTTTGAATATGTCCTCATTGATAGCA,,,,,,,,,1234625,,,,,,,
ACGCCACTGCGGCCGGGCGTACCAACTCGCC,,,,,,,,,1234428,,,,,,,
CACGTTCCAGTGTCCCAACAATCGACTGGAG,,,,,,,,,1234955,,,,,,,
CTGTTTCAAACGTCAAATTCTAAAAATCCAC,,,190301.0,,,,,190301.0,1588114,,,,,,190301.0,190301.0
ATAGCGTTTCAACTTGTTAAAAAAGCATTCA,,,,,,,,,1287161,,,,,,,
AACCTTGAATCAGAATTTCGTACAAAAGGGA,,,,69.0,,,,,1234176,,,,,,69.0,
GTAACCAGATCATAGCGCATGCGAGATGGAC,,,,,,,,,1235092,,,,,,,
AGATGAGCAATGGAACCGGATCGAAGCATAT,,,,,,,,,1109623,,,,,,,
CGGTCGTTTCTCCTGTTCAGCAACAAAATAC,3926.0,,,,,3926.0,,,740218,,,,,3926.0,,
GATCATAGCGCATGCGAGATGGACGAAACCC,,,,,,,,,1287236,,,,,,,
AAAAGGGAATCCTTGAATGCAGACAGGCCCT,,,,,,,,,1035708,,,,,,,
CATGCAGCTTGGTCGTCAATCCACCGCGCGA,,,,,,,,,1234723,,,,,,,
ATGCGAGAAAACATTGACCGCATTCATGGGC,,,,,,,,,1235058,,,,,,,
ACCTTCGGCAAATGGACAGCGGTTCATGCCC,,,,,,,,,1234532,,,,,,,
CCGGGTGTTGGCTTTATTCGCAGCGGTAGGC,,,,,,,,,1234772,,,,,,,
AAACGCCTACGCGGGGAAATCAGTCCACTGG,417160.0,,180649.0,69657.0,,417160.0,,180649.0,1578704,,,,,417160.0,69657.0,180649.0
AATAAGGGAGTAGGGGAGTATGTTTTGGTTG,,,344667.0,31155.0,,,,344667.0,1742442,,,,,,31155.0,344667.0
GTTGAAACGCTATCGTCGTATTGCGCTGCGA,,,,,,,,,1287179,,,,,,,
GTTGGTACGCCCGGCCGCAGTGGCGTCGATA,,,,,,,,,1234433,,,,,,,
GACCGCATTCATGGGCTTCGTCCATCTCGCA,,,,,,,,,1235073,,,,,,,
CTTCGGCAAATGGACAGCGGTTCATGCCCGC,,,,,,,,,1234534,,,,,,,
AGATGCGGCGGGCGCAAAAGGGGGGCTGAAG,,,,,,,,,1234675,,,,,,,
AAACCGTTTCACACTTTTGCTGGAAATGCTC,480493.0,,464912.0,,,480493.0,,464912.0,1861786,,,,,480493.0,464912.0,464912.0
CATTGATAGCACCATATCGAAAGTCCACGCA,,,,,,,,,1234645,,,,,,,
GCAATACGACGATAGCGTTTCAACTTGTTAA,,,,,,,,,1287172,,,,,,,
AAGGGAGTAAGGGAGTAAGGGAGTAAGGGAG,,,,,,,,,1077663,,,,,,,
CCGCGTAGGCGCTTCGCACTTTTGGCTCGAA,,,246759.0,,,,,246759.0,1644563,,,,,,246759.0,246759.0
ATGCCCTGGCTGATACGCCGGACTTTGAATA,,,,,,,,,1234608,,,,,,,
ATTGCGCTGCGATGCGAGAAAACATTGACCG,,,,,,,,,1287198,,,,,,,
AGCGACCGATGCAGGCAGCTTCAGCCCCCCT,,,,,,,,,1234693,,,,,,,
AGATCGCGCCAGTGCGCTGCATTGGCAGCCA,,,,,,,,,1234494,,,,,,,
ATGCAGGCAGCTTCAGCCCCCCTTTTGCGCC,,,,,,,,,1234685,,,,,,,
AAGGGTGTGGGGCATGTCATTGCTGATGCAG,,,,,,,,,1234849,,,,,,,
ATCCAACACGTTCCAGTGTCCCAACAATCGA,,,,,,,,,1234949,,,,,,,
AGTCCGGCGTATCAGCCAGGGCATGGAAAAG,,,,,,,,,1234601,,,,,,,
CCTTTCCCATACACCGGCGTGCGACCATCGC,,,,,,,,,1234570,,,,,,,
CAGATTGATGAAAAACCCCTCGATTTTTGGC,237094.0,,,,,237094.0,,,1153069,,,,,237094.0,,
GAATCACAAAGACCACTAGTAAGTATATGTA,,,499606.0,,,,,499606.0,1896307,,,,,,499606.0,499606.0
ATGAAAAACCCCTCGATTTTTGGCAGCAGTC,237101.0,,,,,237101.0,,,1153076,,,,,237101.0,,
CAGTATGTTAAGGGAATAGGGGAATAAGGGA,400293.0,,344689.0,53496.0,,400293.0,,344689.0,1742464,,,,,400293.0,53496.0,344689.0
CCCCTATTCCCTTAACATACTGCCTTACTGC,,,344698.0,31124.0,,,,344698.0,1742473,,,,,,31124.0,344698.0
ATTGCTGGCAATGAAGGCCCTTAAGTGATCG,,,,,,,,,1234890,,,,,,,
AAGCTGCATGCTGTTGTCGATGCTATCGGCC,,,,,,,,,1234744,,,,,,,
ACCCTTCAAGCCGGATAGAAGGCTTGAAGCT,,,,,,,,,1234824,,,,,,,
ATTTCCCCGCGTAGGCGTTTCACACTTTTGG,417149.0,,484115.0,69646.0,,417149.0,,484115.0,1880836,,,,,417149.0,69646.0,484115.0
CTGATTCAATCAGATCGAAACGCGCTCTAAA,109023.0,,385985.0,,,109023.0,,385985.0,1783699,,,,,109023.0,385985.0,385985.0
ATCGTCGTATTGCGCTGCGATGCGAGAAAAC,,,,,,,,,1287190,,,,,,,
CTGTCCATTTGCCGAAGGTCGCAGGCAGATC,,,,,,,,,1234520,,,,,,,
GCCGGTGTATGGGAAAGGCTTTTCCATGCCC,,,,,,,,,1234583,,,,,,,
CTTACAGATGAGCAATGGAACCGGATCGAAG,,,,,,,,,1109618,,,,,,,
GCAGATCGCGCCAGTGCGCTGCATTGGCAGC,,,,,,,,,1234496,,,,,,,
AAGGTCGCAGGCAGATCGCGCCAGTGCGCTG,,,,,,,,,1234506,,,,,,,
ACCAACTCGCCCCGGAAGATATGCTTCGATC,,,,,,,,,1109641,,,,,,,
ACTCTTTTCGCCACGGCCTGACGAATTTGCA,22114.0,,461787.0,,,22114.0,,461787.0,1858661,,,,,22114.0,461787.0,461787.0
AGCATCGACAACAGCATGCAGCTTGGTCGTC,,,,,,,,,1234737,,,,,,,
AGATGGCGTCGACAAATAATCGGTTATCGAC,,,,,,,,,1234457,,,,,,,
TCGTCTGCTCACGGCTGTTCTCCTTTAACAA,,,,40.0,,,,,1234205,,,,,,40.0,
ATCGGTCGCTCGCGCGGTGGATTGACGACCA,,,,,,,,,1234714,,,,,,,
AGTAAGGGAGTAAGGGAGTAAGGGAGTAAGG,,,,,,,,,1077658,,,,,,,
ATATACTTACTAGTGGTCTTTGTGATTCCAA,,,499609.0,,,,,499609.0,1896310,,,,,,499609.0,499609.0
AGCCAACACCCGGCCATTATGGTGACTGTCC,,,,,,,,,1234790,,,,,,,
CGACAAAACAAATAGTTAGAGCGGTTCCGGC,480538.0,,499472.0,,,480538.0,,499472.0,1896173,,,,,480538.0,499472.0,499472.0
AACCGCTCTAACTATTTGTTTTGTCGCATTA,480533.0,,170293.0,,,480533.0,,170293.0,1568368,,,,,480533.0,170293.0,170293.0
ATAGCACCATATCGAAAGTCCACGCAGATGC,,,,,,,,,1234650,,,,,,,
AGCCGTGAGCAGACGAAGCCTTACAGATGAG,,,,,,,,,1109599,,,,,,,
AGTAAGTATATGTATCTAGTGGATTTTTAGA,,,190283.0,,,,,190283.0,1588096,,,,,,190283.0,190283.0
CTTGAACCGAGGGATGCAAATGTTGGAATCA,,,499653.0,,,,,499653.0,1896354,,,,,,499653.0,499653.0
AAAGGGAATCCTTGAATGCAGACAGGCCCTA,,,,,,,,,1035707,,,,,,,
GCAGCGACCATATTCTTCACTGCCCTACTGC,376234.0,,344627.0,31195.0,,376234.0,,344627.0,1742402,,,,,376234.0,31195.0,344627.0
CAAGCCGGATAGAAGGCTTGAAGCTTGCGGA,,,,,,,,,1234818,,,,,,,
ATCGACTGGAGGCTGTACAAGGAACGCCATC,,,,,,,,,1234975,,,,,,,
CAGATTGAATGCTTTTTTAACAAGTTGAAAC,,,,,,,,,1287156,,,,,,,
CGCTGTCCATTTGCCGAAGGTCGCAGGCAGA,,,,,,,,,1234522,,,,,,,
CGCATCTGCGTGGACTTTCGATATGGTGCTA,,,,,,,,,1234651,,,,,,,
CATTCAACGCAACCAGATCATAGCGCATGCG,,,,,,,,,1287251,,,,,,,
CATCCACAAGATGGCGTCGACAAATAATCGG,,,,,,,,,1234465,,,,,,,
AATCAGTCCAGTGGACTGATTTCCCCGCATA,,,,,,,,,1769064,,,,,,,
CAAGCCTTCTATCCGGCTTGAAGGGTGTGGG,,,,,,,,,1234829,,,,,,,
ACAGATGAGCAATGGAACCGGATCGAAGCAT,,,,,,,,,1109621,,,,,,,
ACCGGATCGAAGCATATCTTCCGGGGCGAGT,,,,,,,,,1109637,,,,,,,
CCCCTACTCCCTTATTCCCCTATTCCCTTAA,376178.0,,344682.0,31140.0,,376178.0,,344682.0,1742457,,,,,376178.0,31140.0,344682.0
GCGAGCGACCGATGCAGGCAGCTTCAGCCCC,,,,,,,,,1234696,,,,,,,
GACACATTCAGAAGCAAAATACACCGCGTCC,401386.0,,,54605.0,,401386.0,,,407015,,,,,401386.0,54605.0,
CAACACCCGGCCATTATGGTGACTGTCCGCA,,,,,,,,,1234793,,,,,,,
CATCTGCGTGGACTTTCGATATGGTGCTATC,,,,,,,,,1234649,,,,,,,
CGTGTCTGCATTCAACGCAACCAGATCATAG,,,,,,,,,1287259,,,,,,,
CAAAATACACCGCGTCCCTTCGGGATATGGC,401372.0,,,54591.0,,401372.0,,,407001,,,,,401372.0,54591.0,
ATCTGGTTGCGTTGAATGCAGACACGCCCTA,,,,,,,,,1287264,,,,,,,
GATTGACGACCAAGCTGCATGCTGTTGTCGA,,,,,,,,,1234733,,,,,,,
ACATATGCTGTTTCAAACGTCAAATTCTAAA,,,190308.0,,,,,190308.0,1588121,,,,,,190308.0,190308.0
